system,topic,score
Chal. 1,t_321,0.2247
Chal. 1,t_336,0.5161
Chal. 1,t_341,0.4174
Chal. 1,t_347,0.0563
Chal. 1,t_350,0.0071
Chal. 1,t_362,0.3637
Chal. 1,t_363,0.4713
Chal. 1,t_367,0.1963
Chal. 1,t_375,0.6374
Chal. 1,t_378,0.1477
Chal. 1,t_393,0.0222
Chal. 1,t_397,0.681
Chal. 1,t_400,0.2077
Chal. 1,t_408,0.0683
Chal. 1,t_414,0.2047
Chal. 1,t_422,0.4357
Chal. 1,t_426,0.1813
Chal. 1,t_427,0.0206
Chal. 1,t_433,8e-04
Chal. 1,t_439,0.0355
Chal. 1,t_442,0.0527
Chal. 1,t_445,0.397
Chal. 1,t_626,0.4617
Chal. 1,t_646,0.1588
Chal. 1,t_690,0.0219
Chal. 1,t_801,0.1233
Chal. 1,t_802,0.6891
Chal. 1,t_803,0.305
Chal. 1,t_804,0.1763
Chal. 1,t_805,0.208
Chal. 1,t_806,0.6778
Chal. 1,t_807,0.9126
Chal. 1,t_808,0.2046
Chal. 1,t_809,0.6496
Chal. 1,t_810,0.2125
Chal. 1,t_811,0.7239
Chal. 1,t_812,0.2492
Chal. 1,t_813,0.0769
Chal. 1,t_814,0
Chal. 1,t_815,0.2648
Chal. 1,t_816,0.1381
Chal. 1,t_817,0.4111
Chal. 1,t_818,0.5084
Chal. 1,t_819,0.0845
Chal. 1,t_820,0.2888
Chal. 1,t_821,0.2385
Chal. 1,t_822,0.328
Chal. 1,t_823,0.4703
Chal. 1,t_824,0.6444
Chal. 1,t_825,0.4752
Chal. 2,t_321,0.225
Chal. 2,t_336,0.5172
Chal. 2,t_341,0.4133
Chal. 2,t_347,0.0563
Chal. 2,t_350,0.0076
Chal. 2,t_362,0.3672
Chal. 2,t_363,0.4702
Chal. 2,t_367,0.1969
Chal. 2,t_375,0.6358
Chal. 2,t_378,0.1478
Chal. 2,t_393,0.0222
Chal. 2,t_397,0.6815
Chal. 2,t_400,0.2141
Chal. 2,t_408,0.0682
Chal. 2,t_414,0.205
Chal. 2,t_422,0.3506
Chal. 2,t_426,0.2735
Chal. 2,t_427,0.0208
Chal. 2,t_433,8e-04
Chal. 2,t_439,0.0355
Chal. 2,t_442,0.0527
Chal. 2,t_445,0.3935
Chal. 2,t_626,0.4608
Chal. 2,t_646,0.1514
Chal. 2,t_690,0.0182
Chal. 2,t_801,0.1115
Chal. 2,t_802,0.6881
Chal. 2,t_803,0.3043
Chal. 2,t_804,0.1815
Chal. 2,t_805,0.2085
Chal. 2,t_806,0.6771
Chal. 2,t_807,0.9127
Chal. 2,t_808,0.2045
Chal. 2,t_809,0.6185
Chal. 2,t_810,0.2137
Chal. 2,t_811,0.7247
Chal. 2,t_812,0.2505
Chal. 2,t_813,0.0769
Chal. 2,t_814,0
Chal. 2,t_815,0.2834
Chal. 2,t_816,0.1373
Chal. 2,t_817,0.4165
Chal. 2,t_818,0.467
Chal. 2,t_819,0.0806
Chal. 2,t_820,0.2876
Chal. 2,t_821,0.2387
Chal. 2,t_822,0.3279
Chal. 2,t_823,0.4685
Chal. 2,t_824,0.6445
Chal. 2,t_825,0.4877
Chal. 3,t_321,0.2306
Chal. 3,t_336,0.5611
Chal. 3,t_341,0.3314
Chal. 3,t_347,0.0604
Chal. 3,t_350,0.0097
Chal. 3,t_362,0.1931
Chal. 3,t_363,0.2119
Chal. 3,t_367,0.0769
Chal. 3,t_375,0.3998
Chal. 3,t_378,0.1054
Chal. 3,t_393,0.0338
Chal. 3,t_397,0.1853
Chal. 3,t_400,0.1125
Chal. 3,t_408,0.0612
Chal. 3,t_414,0.157
Chal. 3,t_422,0.2214
Chal. 3,t_426,0.0922
Chal. 3,t_427,0.0493
Chal. 3,t_433,0.0209
Chal. 3,t_439,0.0199
Chal. 3,t_442,0.0396
Chal. 3,t_445,0.2659
Chal. 3,t_626,0.2853
Chal. 3,t_646,0.1647
Chal. 3,t_690,0.0188
Chal. 3,t_801,0.1081
Chal. 3,t_802,0.657
Chal. 3,t_803,0.2823
Chal. 3,t_804,0.0857
Chal. 3,t_805,0.1503
Chal. 3,t_806,0.5005
Chal. 3,t_807,0.8454
Chal. 3,t_808,0.1082
Chal. 3,t_809,0.5053
Chal. 3,t_810,0.1849
Chal. 3,t_811,0.6218
Chal. 3,t_812,0.2049
Chal. 3,t_813,0.0861
Chal. 3,t_814,0
Chal. 3,t_815,0.2855
Chal. 3,t_816,0.1416
Chal. 3,t_817,0.4323
Chal. 3,t_818,0.4469
Chal. 3,t_819,0.042
Chal. 3,t_820,0.1637
Chal. 3,t_821,0.176
Chal. 3,t_822,0.246
Chal. 3,t_823,0.3436
Chal. 3,t_824,0.5489
Chal. 3,t_825,0.4942
Chal. 4,t_321,0.3188
Chal. 4,t_336,0.3723
Chal. 4,t_341,0.4822
Chal. 4,t_347,0.3825
Chal. 4,t_350,0.4434
Chal. 4,t_362,0.4954
Chal. 4,t_363,0.7598
Chal. 4,t_367,0.3817
Chal. 4,t_375,0.6665
Chal. 4,t_378,0.3216
Chal. 4,t_393,0.245
Chal. 4,t_397,0.7998
Chal. 4,t_400,0.4065
Chal. 4,t_408,0.594
Chal. 4,t_414,0.0926
Chal. 4,t_422,0.7144
Chal. 4,t_426,0.5878
Chal. 4,t_427,0.2547
Chal. 4,t_433,0.0966
Chal. 4,t_439,0.2141
Chal. 4,t_442,0.2375
Chal. 4,t_445,0.4084
Chal. 4,t_626,0.8295
Chal. 4,t_646,0.0817
Chal. 4,t_690,0.2307
Chal. 4,t_801,0.1127
Chal. 4,t_802,0.2214
Chal. 4,t_803,0.3369
Chal. 4,t_804,0.7867
Chal. 4,t_805,0.4066
Chal. 4,t_806,0.811
Chal. 4,t_807,0.9145
Chal. 4,t_808,0.4583
Chal. 4,t_809,0.777
Chal. 4,t_810,0.3295
Chal. 4,t_811,0.7615
Chal. 4,t_812,0.4525
Chal. 4,t_813,0.2877
Chal. 4,t_814,0.8503
Chal. 4,t_815,0.3188
Chal. 4,t_816,0.3356
Chal. 4,t_817,0.4909
Chal. 4,t_818,0.7156
Chal. 4,t_819,0.0967
Chal. 4,t_820,0.4164
Chal. 4,t_821,0.3464
Chal. 4,t_822,0.4474
Chal. 4,t_823,0.5364
Chal. 4,t_824,0.7114
Chal. 4,t_825,0.6241
Champion,t_321,0.1885
Champion,t_336,0.5811
Champion,t_341,0.3095
Champion,t_347,0.0605
Champion,t_350,0.007
Champion,t_362,0.2058
Champion,t_363,0.261
Champion,t_367,0.077
Champion,t_375,0.4536
Champion,t_378,0.0915
Champion,t_393,0.0257
Champion,t_397,0.1082
Champion,t_400,0.1229
Champion,t_408,0.0536
Champion,t_414,0.174
Champion,t_422,0.215
Champion,t_426,0.1803
Champion,t_427,0.0412
Champion,t_433,0.0802
Champion,t_439,0.0199
Champion,t_442,0.0486
Champion,t_445,0.246
Champion,t_626,0.3232
Champion,t_646,0.1355
Champion,t_690,0.0075
Champion,t_801,0.1079
Champion,t_802,0.6163
Champion,t_803,0.2705
Champion,t_804,0.0848
Champion,t_805,0.183
Champion,t_806,0.4696
Champion,t_807,0.8644
Champion,t_808,0.1991
Champion,t_809,0.5477
Champion,t_810,0.2638
Champion,t_811,0.6091
Champion,t_812,0.2578
Champion,t_813,0.0733
Champion,t_814,0
Champion,t_815,0.2857
Champion,t_816,0.141
Champion,t_817,0.4008
Champion,t_818,0.4527
Champion,t_819,0.0564
Champion,t_820,0.1821
Champion,t_821,0.1862
Champion,t_822,0.2443
Champion,t_823,0.3372
Champion,t_824,0.398
Champion,t_825,0.5342
input.anserini_ax,t_321,0.159
input.anserini_ax,t_336,0.2095
input.anserini_ax,t_341,0.3724
input.anserini_ax,t_347,0.0699
input.anserini_ax,t_350,1e-04
input.anserini_ax,t_362,0.2861
input.anserini_ax,t_363,0.6773
input.anserini_ax,t_367,0.1228
input.anserini_ax,t_375,0.5586
input.anserini_ax,t_378,0.1557
input.anserini_ax,t_393,0.0065
input.anserini_ax,t_397,0.4104
input.anserini_ax,t_400,0.202
input.anserini_ax,t_408,0.0838
input.anserini_ax,t_414,0.009
input.anserini_ax,t_422,0.1835
input.anserini_ax,t_426,0.2814
input.anserini_ax,t_427,0.0257
input.anserini_ax,t_433,0.0911
input.anserini_ax,t_439,0.0372
input.anserini_ax,t_442,0.1041
input.anserini_ax,t_445,0.165
input.anserini_ax,t_626,0.4942
input.anserini_ax,t_646,0.0918
input.anserini_ax,t_690,0.0132
input.anserini_ax,t_801,0.1587
input.anserini_ax,t_802,0.2557
input.anserini_ax,t_803,0.3089
input.anserini_ax,t_804,0.2079
input.anserini_ax,t_805,0.0908
input.anserini_ax,t_806,0.6539
input.anserini_ax,t_807,0.8952
input.anserini_ax,t_808,0.236
input.anserini_ax,t_809,0.4946
input.anserini_ax,t_810,0.2671
input.anserini_ax,t_811,0.6203
input.anserini_ax,t_812,0.2479
input.anserini_ax,t_813,0.0825
input.anserini_ax,t_814,0.5312
input.anserini_ax,t_815,0.2394
input.anserini_ax,t_816,0.0952
input.anserini_ax,t_817,0.3878
input.anserini_ax,t_818,0.5901
input.anserini_ax,t_819,0.1303
input.anserini_ax,t_820,0.3234
input.anserini_ax,t_821,0.2942
input.anserini_ax,t_822,0.3073
input.anserini_ax,t_823,0.4609
input.anserini_ax,t_824,0.4719
input.anserini_ax,t_825,0.5067
input.anserini_bm25,t_321,0.1769
input.anserini_bm25,t_336,0.409
input.anserini_bm25,t_341,0.3021
input.anserini_bm25,t_347,0.0928
input.anserini_bm25,t_350,0.0019
input.anserini_bm25,t_362,0.1601
input.anserini_bm25,t_363,0.1825
input.anserini_bm25,t_367,0.0773
input.anserini_bm25,t_375,0.4475
input.anserini_bm25,t_378,0.1326
input.anserini_bm25,t_393,0.0057
input.anserini_bm25,t_397,0.0984
input.anserini_bm25,t_400,0.1323
input.anserini_bm25,t_408,0.0485
input.anserini_bm25,t_414,0.2012
input.anserini_bm25,t_422,0.2213
input.anserini_bm25,t_426,0.1478
input.anserini_bm25,t_427,0.039
input.anserini_bm25,t_433,0.0836
input.anserini_bm25,t_439,0.0192
input.anserini_bm25,t_442,0.0741
input.anserini_bm25,t_445,0.243
input.anserini_bm25,t_626,0.2777
input.anserini_bm25,t_646,0.121
input.anserini_bm25,t_690,0.0051
input.anserini_bm25,t_801,0.1126
input.anserini_bm25,t_802,0.453
input.anserini_bm25,t_803,0.2298
input.anserini_bm25,t_804,0.1202
input.anserini_bm25,t_805,0.1126
input.anserini_bm25,t_806,0.4666
input.anserini_bm25,t_807,0.856
input.anserini_bm25,t_808,0.1269
input.anserini_bm25,t_809,0.5588
input.anserini_bm25,t_810,0.2395
input.anserini_bm25,t_811,0.5184
input.anserini_bm25,t_812,0.1817
input.anserini_bm25,t_813,0.0905
input.anserini_bm25,t_814,0.3955
input.anserini_bm25,t_815,0.3133
input.anserini_bm25,t_816,0.1302
input.anserini_bm25,t_817,0.3833
input.anserini_bm25,t_818,0.5092
input.anserini_bm25,t_819,0.0966
input.anserini_bm25,t_820,0.1798
input.anserini_bm25,t_821,0.2536
input.anserini_bm25,t_822,0.2247
input.anserini_bm25,t_823,0.3317
input.anserini_bm25,t_824,0.3826
input.anserini_bm25,t_825,0.4513
input.anserini_ql,t_321,0.2322
input.anserini_ql,t_336,0.3802
input.anserini_ql,t_341,0.2995
input.anserini_ql,t_347,0.0824
input.anserini_ql,t_350,2e-04
input.anserini_ql,t_362,0.1514
input.anserini_ql,t_363,0.1602
input.anserini_ql,t_367,0.0795
input.anserini_ql,t_375,0.3862
input.anserini_ql,t_378,0.1463
input.anserini_ql,t_393,0.026
input.anserini_ql,t_397,0.1268
input.anserini_ql,t_400,0.1331
input.anserini_ql,t_408,0.069
input.anserini_ql,t_414,0.1253
input.anserini_ql,t_422,0.0639
input.anserini_ql,t_426,0.0917
input.anserini_ql,t_427,0.0462
input.anserini_ql,t_433,0.512
input.anserini_ql,t_439,0.0181
input.anserini_ql,t_442,0.06
input.anserini_ql,t_445,0.2334
input.anserini_ql,t_626,0.245
input.anserini_ql,t_646,0.1078
input.anserini_ql,t_690,0.0144
input.anserini_ql,t_801,0.1241
input.anserini_ql,t_802,0.4905
input.anserini_ql,t_803,0.2211
input.anserini_ql,t_804,0.0817
input.anserini_ql,t_805,0.1217
input.anserini_ql,t_806,0.3652
input.anserini_ql,t_807,0.8598
input.anserini_ql,t_808,0.1164
input.anserini_ql,t_809,0.5184
input.anserini_ql,t_810,0.2337
input.anserini_ql,t_811,0.5397
input.anserini_ql,t_812,0.1402
input.anserini_ql,t_813,0.1178
input.anserini_ql,t_814,0.4318
input.anserini_ql,t_815,0.3161
input.anserini_ql,t_816,0.1338
input.anserini_ql,t_817,0.4016
input.anserini_ql,t_818,0.4941
input.anserini_ql,t_819,0.0839
input.anserini_ql,t_820,0.2112
input.anserini_ql,t_821,0.2196
input.anserini_ql,t_822,0.2241
input.anserini_ql,t_823,0.3311
input.anserini_ql,t_824,0.4425
input.anserini_ql,t_825,0.4578
input.anserini_qlax,t_321,0.2495
input.anserini_qlax,t_336,0.1641
input.anserini_qlax,t_341,0.3621
input.anserini_qlax,t_347,0.0713
input.anserini_qlax,t_350,0
input.anserini_qlax,t_362,0.2809
input.anserini_qlax,t_363,0.5921
input.anserini_qlax,t_367,0.1302
input.anserini_qlax,t_375,0.4985
input.anserini_qlax,t_378,0.1704
input.anserini_qlax,t_393,0.0175
input.anserini_qlax,t_397,0.5031
input.anserini_qlax,t_400,0.1881
input.anserini_qlax,t_408,0.0897
input.anserini_qlax,t_414,0.0063
input.anserini_qlax,t_422,0.0011
input.anserini_qlax,t_426,0.2977
input.anserini_qlax,t_427,0.0233
input.anserini_qlax,t_433,0.5505
input.anserini_qlax,t_439,0.0326
input.anserini_qlax,t_442,0.1298
input.anserini_qlax,t_445,0.241
input.anserini_qlax,t_626,0.5333
input.anserini_qlax,t_646,0.0837
input.anserini_qlax,t_690,0.031
input.anserini_qlax,t_801,0.1869
input.anserini_qlax,t_802,0.2215
input.anserini_qlax,t_803,0.2922
input.anserini_qlax,t_804,0.0106
input.anserini_qlax,t_805,0.0925
input.anserini_qlax,t_806,0.6366
input.anserini_qlax,t_807,0.89
input.anserini_qlax,t_808,0.2203
input.anserini_qlax,t_809,0.6167
input.anserini_qlax,t_810,0.1741
input.anserini_qlax,t_811,0.6006
input.anserini_qlax,t_812,0.1687
input.anserini_qlax,t_813,0.0811
input.anserini_qlax,t_814,0.5306
input.anserini_qlax,t_815,0.2507
input.anserini_qlax,t_816,0.1045
input.anserini_qlax,t_817,0.3966
input.anserini_qlax,t_818,0.5769
input.anserini_qlax,t_819,0.103
input.anserini_qlax,t_820,0.2698
input.anserini_qlax,t_821,0.2928
input.anserini_qlax,t_822,0.2945
input.anserini_qlax,t_823,0.4334
input.anserini_qlax,t_824,0.549
input.anserini_qlax,t_825,0.5017
input.anserini_qlrm3,t_321,0.2398
input.anserini_qlrm3,t_336,0.2487
input.anserini_qlrm3,t_341,0.3529
input.anserini_qlrm3,t_347,0.0918
input.anserini_qlrm3,t_350,2e-04
input.anserini_qlrm3,t_362,0.2378
input.anserini_qlrm3,t_363,0.3121
input.anserini_qlrm3,t_367,0.0613
input.anserini_qlrm3,t_375,0.42
input.anserini_qlrm3,t_378,0.2025
input.anserini_qlrm3,t_393,0.0056
input.anserini_qlrm3,t_397,0.3269
input.anserini_qlrm3,t_400,0.1712
input.anserini_qlrm3,t_408,0.0764
input.anserini_qlrm3,t_414,0.0624
input.anserini_qlrm3,t_422,0.0954
input.anserini_qlrm3,t_426,0.1558
input.anserini_qlrm3,t_427,0.0293
input.anserini_qlrm3,t_433,0.12
input.anserini_qlrm3,t_439,0.0241
input.anserini_qlrm3,t_442,0.0713
input.anserini_qlrm3,t_445,0.1928
input.anserini_qlrm3,t_626,0.3596
input.anserini_qlrm3,t_646,0.0751
input.anserini_qlrm3,t_690,0.0324
input.anserini_qlrm3,t_801,0.1558
input.anserini_qlrm3,t_802,0.1468
input.anserini_qlrm3,t_803,0.2576
input.anserini_qlrm3,t_804,0.186
input.anserini_qlrm3,t_805,0.1456
input.anserini_qlrm3,t_806,0.5645
input.anserini_qlrm3,t_807,0.9179
input.anserini_qlrm3,t_808,0.1381
input.anserini_qlrm3,t_809,0.7216
input.anserini_qlrm3,t_810,0.0741
input.anserini_qlrm3,t_811,0.5832
input.anserini_qlrm3,t_812,0.1696
input.anserini_qlrm3,t_813,0.0956
input.anserini_qlrm3,t_814,0.5785
input.anserini_qlrm3,t_815,0.3023
input.anserini_qlrm3,t_816,0.1289
input.anserini_qlrm3,t_817,0.3834
input.anserini_qlrm3,t_818,0.6044
input.anserini_qlrm3,t_819,0.0934
input.anserini_qlrm3,t_820,0.2495
input.anserini_qlrm3,t_821,0.2281
input.anserini_qlrm3,t_822,0.2892
input.anserini_qlrm3,t_823,0.4631
input.anserini_qlrm3,t_824,0.5552
input.anserini_qlrm3,t_825,0.5087
input.anserini_qlsdm,t_321,0.2383
input.anserini_qlsdm,t_336,0.366
input.anserini_qlsdm,t_341,0.298
input.anserini_qlsdm,t_347,0.083
input.anserini_qlsdm,t_350,2e-04
input.anserini_qlsdm,t_362,0.1519
input.anserini_qlsdm,t_363,0.158
input.anserini_qlsdm,t_367,0.0795
input.anserini_qlsdm,t_375,0.3787
input.anserini_qlsdm,t_378,0.146
input.anserini_qlsdm,t_393,0.0375
input.anserini_qlsdm,t_397,0.1248
input.anserini_qlsdm,t_400,0.0966
input.anserini_qlsdm,t_408,0.0634
input.anserini_qlsdm,t_414,0.1474
input.anserini_qlsdm,t_422,0.0697
input.anserini_qlsdm,t_426,0.0886
input.anserini_qlsdm,t_427,0.0473
input.anserini_qlsdm,t_433,0.4871
input.anserini_qlsdm,t_439,0.0187
input.anserini_qlsdm,t_442,0.081
input.anserini_qlsdm,t_445,0.2451
input.anserini_qlsdm,t_626,0.2387
input.anserini_qlsdm,t_646,0.1006
input.anserini_qlsdm,t_690,0.0154
input.anserini_qlsdm,t_801,0.1267
input.anserini_qlsdm,t_802,0.4943
input.anserini_qlsdm,t_803,0.2294
input.anserini_qlsdm,t_804,0.1077
input.anserini_qlsdm,t_805,0.137
input.anserini_qlsdm,t_806,0.4151
input.anserini_qlsdm,t_807,0.8565
input.anserini_qlsdm,t_808,0.1024
input.anserini_qlsdm,t_809,0.5568
input.anserini_qlsdm,t_810,0.1913
input.anserini_qlsdm,t_811,0.5563
input.anserini_qlsdm,t_812,0.1383
input.anserini_qlsdm,t_813,0.1446
input.anserini_qlsdm,t_814,0.4878
input.anserini_qlsdm,t_815,0.3274
input.anserini_qlsdm,t_816,0.1337
input.anserini_qlsdm,t_817,0.4227
input.anserini_qlsdm,t_818,0.5009
input.anserini_qlsdm,t_819,0.0764
input.anserini_qlsdm,t_820,0.2117
input.anserini_qlsdm,t_821,0.2216
input.anserini_qlsdm,t_822,0.2005
input.anserini_qlsdm,t_823,0.3364
input.anserini_qlsdm,t_824,0.4358
input.anserini_qlsdm,t_825,0.4586
input.anserini_rm3,t_321,0.18
input.anserini_rm3,t_336,0.2719
input.anserini_rm3,t_341,0.3662
input.anserini_rm3,t_347,0.0871
input.anserini_rm3,t_350,3e-04
input.anserini_rm3,t_362,0.261
input.anserini_rm3,t_363,0.3401
input.anserini_rm3,t_367,0.0597
input.anserini_rm3,t_375,0.4827
input.anserini_rm3,t_378,0.1623
input.anserini_rm3,t_393,0.0029
input.anserini_rm3,t_397,0.367
input.anserini_rm3,t_400,0.1741
input.anserini_rm3,t_408,0.0668
input.anserini_rm3,t_414,0.1006
input.anserini_rm3,t_422,0.3546
input.anserini_rm3,t_426,0.2152
input.anserini_rm3,t_427,0.0265
input.anserini_rm3,t_433,0.0015
input.anserini_rm3,t_439,0.0272
input.anserini_rm3,t_442,0.0868
input.anserini_rm3,t_445,0.1953
input.anserini_rm3,t_626,0.389
input.anserini_rm3,t_646,0.0937
input.anserini_rm3,t_690,0.0102
input.anserini_rm3,t_801,0.1426
input.anserini_rm3,t_802,0.1485
input.anserini_rm3,t_803,0.3101
input.anserini_rm3,t_804,0.3274
input.anserini_rm3,t_805,0.1223
input.anserini_rm3,t_806,0.655
input.anserini_rm3,t_807,0.9087
input.anserini_rm3,t_808,0.1479
input.anserini_rm3,t_809,0.7843
input.anserini_rm3,t_810,0.1648
input.anserini_rm3,t_811,0.6008
input.anserini_rm3,t_812,0.1471
input.anserini_rm3,t_813,0.0841
input.anserini_rm3,t_814,0.6259
input.anserini_rm3,t_815,0.2833
input.anserini_rm3,t_816,0.1179
input.anserini_rm3,t_817,0.3862
input.anserini_rm3,t_818,0.6142
input.anserini_rm3,t_819,0.1114
input.anserini_rm3,t_820,0.2756
input.anserini_rm3,t_821,0.346
input.anserini_rm3,t_822,0.3093
input.anserini_rm3,t_823,0.4881
input.anserini_rm3,t_824,0.4943
input.anserini_rm3,t_825,0.4837
input.anserini_sdm,t_321,0.1666
input.anserini_sdm,t_336,0.4122
input.anserini_sdm,t_341,0.2784
input.anserini_sdm,t_347,0.0923
input.anserini_sdm,t_350,0.0019
input.anserini_sdm,t_362,0.1576
input.anserini_sdm,t_363,0.1802
input.anserini_sdm,t_367,0.0773
input.anserini_sdm,t_375,0.4307
input.anserini_sdm,t_378,0.1343
input.anserini_sdm,t_393,0.0353
input.anserini_sdm,t_397,0.0991
input.anserini_sdm,t_400,0.0811
input.anserini_sdm,t_408,0.0525
input.anserini_sdm,t_414,0.1865
input.anserini_sdm,t_422,0.2506
input.anserini_sdm,t_426,0.1682
input.anserini_sdm,t_427,0.0395
input.anserini_sdm,t_433,0.0833
input.anserini_sdm,t_439,0.0197
input.anserini_sdm,t_442,0.0913
input.anserini_sdm,t_445,0.2511
input.anserini_sdm,t_626,0.2638
input.anserini_sdm,t_646,0.1147
input.anserini_sdm,t_690,0.0045
input.anserini_sdm,t_801,0.1172
input.anserini_sdm,t_802,0.5197
input.anserini_sdm,t_803,0.2591
input.anserini_sdm,t_804,0.1732
input.anserini_sdm,t_805,0.128
input.anserini_sdm,t_806,0.5081
input.anserini_sdm,t_807,0.8476
input.anserini_sdm,t_808,0.107
input.anserini_sdm,t_809,0.569
input.anserini_sdm,t_810,0.234
input.anserini_sdm,t_811,0.5372
input.anserini_sdm,t_812,0.1872
input.anserini_sdm,t_813,0.1056
input.anserini_sdm,t_814,0.5588
input.anserini_sdm,t_815,0.3204
input.anserini_sdm,t_816,0.1252
input.anserini_sdm,t_817,0.4281
input.anserini_sdm,t_818,0.5159
input.anserini_sdm,t_819,0.0865
input.anserini_sdm,t_820,0.1883
input.anserini_sdm,t_821,0.2493
input.anserini_sdm,t_822,0.2175
input.anserini_sdm,t_823,0.3317
input.anserini_sdm,t_824,0.376
input.anserini_sdm,t_825,0.4565
input.b-BoW,t_321,0.2267
input.b-BoW,t_336,0.4745
input.b-BoW,t_341,0.2245
input.b-BoW,t_347,0.0781
input.b-BoW,t_350,0.0023
input.b-BoW,t_362,0.1219
input.b-BoW,t_363,0.2894
input.b-BoW,t_367,0.0972
input.b-BoW,t_375,0.3849
input.b-BoW,t_378,0.1314
input.b-BoW,t_393,0.0058
input.b-BoW,t_397,0.1623
input.b-BoW,t_400,0.1195
input.b-BoW,t_408,0.0404
input.b-BoW,t_414,0.1258
input.b-BoW,t_422,0.103
input.b-BoW,t_426,0.1359
input.b-BoW,t_427,0.0438
input.b-BoW,t_433,0.1255
input.b-BoW,t_439,0.0206
input.b-BoW,t_442,0.0487
input.b-BoW,t_445,0.2625
input.b-BoW,t_626,0.3184
input.b-BoW,t_646,0.1097
input.b-BoW,t_690,0.0105
input.b-BoW,t_801,0.101
input.b-BoW,t_802,0.7059
input.b-BoW,t_803,0.2449
input.b-BoW,t_804,0.0852
input.b-BoW,t_805,0.129
input.b-BoW,t_806,0.4746
input.b-BoW,t_807,0.8102
input.b-BoW,t_808,0.07
input.b-BoW,t_809,0.4714
input.b-BoW,t_810,0.3479
input.b-BoW,t_811,0.5339
input.b-BoW,t_812,0.1958
input.b-BoW,t_813,0.0851
input.b-BoW,t_814,0.3648
input.b-BoW,t_815,0.3698
input.b-BoW,t_816,0.131
input.b-BoW,t_817,0.4544
input.b-BoW,t_818,0.4004
input.b-BoW,t_819,0.143
input.b-BoW,t_820,0.2116
input.b-BoW,t_821,0.2
input.b-BoW,t_822,0.2343
input.b-BoW,t_823,0.3594
input.b-BoW,t_824,0.4842
input.b-BoW,t_825,0.5288
input.b-BoWBoE-t-BoE,t_321,0.2409
input.b-BoWBoE-t-BoE,t_336,0.5524
input.b-BoWBoE-t-BoE,t_341,0.2394
input.b-BoWBoE-t-BoE,t_347,0.0764
input.b-BoWBoE-t-BoE,t_350,0.0023
input.b-BoWBoE-t-BoE,t_362,0.135
input.b-BoWBoE-t-BoE,t_363,0.2872
input.b-BoWBoE-t-BoE,t_367,0.127
input.b-BoWBoE-t-BoE,t_375,0.4767
input.b-BoWBoE-t-BoE,t_378,0.1382
input.b-BoWBoE-t-BoE,t_393,0.0107
input.b-BoWBoE-t-BoE,t_397,0.1831
input.b-BoWBoE-t-BoE,t_400,0.1308
input.b-BoWBoE-t-BoE,t_408,0.0368
input.b-BoWBoE-t-BoE,t_414,0.0915
input.b-BoWBoE-t-BoE,t_422,0.1
input.b-BoWBoE-t-BoE,t_426,0.1806
input.b-BoWBoE-t-BoE,t_427,0.0404
input.b-BoWBoE-t-BoE,t_433,0.1494
input.b-BoWBoE-t-BoE,t_439,0.0213
input.b-BoWBoE-t-BoE,t_442,0.0486
input.b-BoWBoE-t-BoE,t_445,0.2846
input.b-BoWBoE-t-BoE,t_626,0.3319
input.b-BoWBoE-t-BoE,t_646,0.1027
input.b-BoWBoE-t-BoE,t_690,0.0109
input.b-BoWBoE-t-BoE,t_801,0.0959
input.b-BoWBoE-t-BoE,t_802,0.5382
input.b-BoWBoE-t-BoE,t_803,0.2386
input.b-BoWBoE-t-BoE,t_804,0.1112
input.b-BoWBoE-t-BoE,t_805,0.1567
input.b-BoWBoE-t-BoE,t_806,0.5603
input.b-BoWBoE-t-BoE,t_807,0.8393
input.b-BoWBoE-t-BoE,t_808,0.0785
input.b-BoWBoE-t-BoE,t_809,0.4771
input.b-BoWBoE-t-BoE,t_810,0.1787
input.b-BoWBoE-t-BoE,t_811,0.5909
input.b-BoWBoE-t-BoE,t_812,0.2089
input.b-BoWBoE-t-BoE,t_813,0.121
input.b-BoWBoE-t-BoE,t_814,0.4502
input.b-BoWBoE-t-BoE,t_815,0.3645
input.b-BoWBoE-t-BoE,t_816,0.1266
input.b-BoWBoE-t-BoE,t_817,0.4649
input.b-BoWBoE-t-BoE,t_818,0.407
input.b-BoWBoE-t-BoE,t_819,0.1448
input.b-BoWBoE-t-BoE,t_820,0.2028
input.b-BoWBoE-t-BoE,t_821,0.2039
input.b-BoWBoE-t-BoE,t_822,0.2954
input.b-BoWBoE-t-BoE,t_823,0.3444
input.b-BoWBoE-t-BoE,t_824,0.5245
input.b-BoWBoE-t-BoE,t_825,0.5619
input.b-BoW-t-BoWBoE,t_321,0.22
input.b-BoW-t-BoWBoE,t_336,0.5422
input.b-BoW-t-BoWBoE,t_341,0.235
input.b-BoW-t-BoWBoE,t_347,0.0826
input.b-BoW-t-BoWBoE,t_350,0.0024
input.b-BoW-t-BoWBoE,t_362,0.1487
input.b-BoW-t-BoWBoE,t_363,0.2349
input.b-BoW-t-BoWBoE,t_367,0.0512
input.b-BoW-t-BoWBoE,t_375,0.4207
input.b-BoW-t-BoWBoE,t_378,0.1266
input.b-BoW-t-BoWBoE,t_393,0.0215
input.b-BoW-t-BoWBoE,t_397,0.1633
input.b-BoW-t-BoWBoE,t_400,0.1083
input.b-BoW-t-BoWBoE,t_408,0.0365
input.b-BoW-t-BoWBoE,t_414,0.0657
input.b-BoW-t-BoWBoE,t_422,0.1378
input.b-BoW-t-BoWBoE,t_426,0.1466
input.b-BoW-t-BoWBoE,t_427,0.0296
input.b-BoW-t-BoWBoE,t_433,0.0757
input.b-BoW-t-BoWBoE,t_439,0.0198
input.b-BoW-t-BoWBoE,t_442,0.0552
input.b-BoW-t-BoWBoE,t_445,0.2695
input.b-BoW-t-BoWBoE,t_626,0.3396
input.b-BoW-t-BoWBoE,t_646,0.1103
input.b-BoW-t-BoWBoE,t_690,0.0091
input.b-BoW-t-BoWBoE,t_801,0.2592
input.b-BoW-t-BoWBoE,t_802,0.6635
input.b-BoW-t-BoWBoE,t_803,0.2552
input.b-BoW-t-BoWBoE,t_804,0.1001
input.b-BoW-t-BoWBoE,t_805,0.1518
input.b-BoW-t-BoWBoE,t_806,0.4797
input.b-BoW-t-BoWBoE,t_807,0.8344
input.b-BoW-t-BoWBoE,t_808,0.0882
input.b-BoW-t-BoWBoE,t_809,0.4096
input.b-BoW-t-BoWBoE,t_810,0.2683
input.b-BoW-t-BoWBoE,t_811,0.5485
input.b-BoW-t-BoWBoE,t_812,0.2394
input.b-BoW-t-BoWBoE,t_813,0.1073
input.b-BoW-t-BoWBoE,t_814,0.3967
input.b-BoW-t-BoWBoE,t_815,0.3579
input.b-BoW-t-BoWBoE,t_816,0.1328
input.b-BoW-t-BoWBoE,t_817,0.4327
input.b-BoW-t-BoWBoE,t_818,0.3485
input.b-BoW-t-BoWBoE,t_819,0.1183
input.b-BoW-t-BoWBoE,t_820,0.2153
input.b-BoW-t-BoWBoE,t_821,0.1931
input.b-BoW-t-BoWBoE,t_822,0.2969
input.b-BoW-t-BoWBoE,t_823,0.3406
input.b-BoW-t-BoWBoE,t_824,0.5046
input.b-BoW-t-BoWBoE,t_825,0.5504
input.BM25-b-BoW,t_321,0.1107
input.BM25-b-BoW,t_336,0.569
input.BM25-b-BoW,t_341,0.1962
input.BM25-b-BoW,t_347,0.0804
input.BM25-b-BoW,t_350,0.0035
input.BM25-b-BoW,t_362,0.066
input.BM25-b-BoW,t_363,0.2695
input.BM25-b-BoW,t_367,0.0599
input.BM25-b-BoW,t_375,0.3827
input.BM25-b-BoW,t_378,0.0898
input.BM25-b-BoW,t_393,0.0106
input.BM25-b-BoW,t_397,0.124
input.BM25-b-BoW,t_400,0.0948
input.BM25-b-BoW,t_408,0.0315
input.BM25-b-BoW,t_414,0.146
input.BM25-b-BoW,t_422,0.1921
input.BM25-b-BoW,t_426,0.1157
input.BM25-b-BoW,t_427,0.0237
input.BM25-b-BoW,t_433,0.0415
input.BM25-b-BoW,t_439,0.0186
input.BM25-b-BoW,t_442,0.0499
input.BM25-b-BoW,t_445,0.1911
input.BM25-b-BoW,t_626,0.3199
input.BM25-b-BoW,t_646,0.1658
input.BM25-b-BoW,t_690,0.0075
input.BM25-b-BoW,t_801,0.0992
input.BM25-b-BoW,t_802,0.6607
input.BM25-b-BoW,t_803,0.2498
input.BM25-b-BoW,t_804,0.0753
input.BM25-b-BoW,t_805,0.1177
input.BM25-b-BoW,t_806,0.5165
input.BM25-b-BoW,t_807,0.8191
input.BM25-b-BoW,t_808,0.0862
input.BM25-b-BoW,t_809,0.4019
input.BM25-b-BoW,t_810,0.3272
input.BM25-b-BoW,t_811,0.4817
input.BM25-b-BoW,t_812,0.1948
input.BM25-b-BoW,t_813,0.0666
input.BM25-b-BoW,t_814,0.4009
input.BM25-b-BoW,t_815,0.3242
input.BM25-b-BoW,t_816,0.1263
input.BM25-b-BoW,t_817,0.4531
input.BM25-b-BoW,t_818,0.3241
input.BM25-b-BoW,t_819,0.1846
input.BM25-b-BoW,t_820,0.16
input.BM25-b-BoW,t_821,0.1933
input.BM25-b-BoW,t_822,0.2335
input.BM25-b-BoW,t_823,0.3493
input.BM25-b-BoW,t_824,0.3942
input.BM25-b-BoW,t_825,0.4964
input.bt-BoW,t_321,0.1472
input.bt-BoW,t_336,0.5213
input.bt-BoW,t_341,0.2391
input.bt-BoW,t_347,0.0848
input.bt-BoW,t_350,0.0025
input.bt-BoW,t_362,0.1444
input.bt-BoW,t_363,0.243
input.bt-BoW,t_367,0.0496
input.bt-BoW,t_375,0.4381
input.bt-BoW,t_378,0.1337
input.bt-BoW,t_393,0.0145
input.bt-BoW,t_397,0.1769
input.bt-BoW,t_400,0.0998
input.bt-BoW,t_408,0.0369
input.bt-BoW,t_414,0.0723
input.bt-BoW,t_422,0.1155
input.bt-BoW,t_426,0.1428
input.bt-BoW,t_427,0.0313
input.bt-BoW,t_433,0.0799
input.bt-BoW,t_439,0.0202
input.bt-BoW,t_442,0.0516
input.bt-BoW,t_445,0.2774
input.bt-BoW,t_626,0.3488
input.bt-BoW,t_646,0.1085
input.bt-BoW,t_690,0.0088
input.bt-BoW,t_801,0.1349
input.bt-BoW,t_802,0.6639
input.bt-BoW,t_803,0.256
input.bt-BoW,t_804,0.1033
input.bt-BoW,t_805,0.1476
input.bt-BoW,t_806,0.5168
input.bt-BoW,t_807,0.8364
input.bt-BoW,t_808,0.0792
input.bt-BoW,t_809,0.4371
input.bt-BoW,t_810,0.2439
input.bt-BoW,t_811,0.5487
input.bt-BoW,t_812,0.2308
input.bt-BoW,t_813,0.0865
input.bt-BoW,t_814,0.4203
input.bt-BoW,t_815,0.3489
input.bt-BoW,t_816,0.1268
input.bt-BoW,t_817,0.4409
input.bt-BoW,t_818,0.3493
input.bt-BoW,t_819,0.108
input.bt-BoW,t_820,0.2033
input.bt-BoW,t_821,0.1967
input.bt-BoW,t_822,0.27
input.bt-BoW,t_823,0.3379
input.bt-BoW,t_824,0.4898
input.bt-BoW,t_825,0.534
input.bt-BoWBoE,t_321,0.2444
input.bt-BoWBoE,t_336,0.5247
input.bt-BoWBoE,t_341,0.2434
input.bt-BoWBoE,t_347,0.0802
input.bt-BoWBoE,t_350,0.0023
input.bt-BoWBoE,t_362,0.1549
input.bt-BoWBoE,t_363,0.2294
input.bt-BoWBoE,t_367,0.0789
input.bt-BoWBoE,t_375,0.4607
input.bt-BoWBoE,t_378,0.1531
input.bt-BoWBoE,t_393,0.022
input.bt-BoWBoE,t_397,0.1848
input.bt-BoWBoE,t_400,0.1136
input.bt-BoWBoE,t_408,0.0381
input.bt-BoWBoE,t_414,0.0629
input.bt-BoWBoE,t_422,0.1297
input.bt-BoWBoE,t_426,0.1919
input.bt-BoWBoE,t_427,0.0274
input.bt-BoWBoE,t_433,0.1308
input.bt-BoWBoE,t_439,0.0207
input.bt-BoWBoE,t_442,0.0559
input.bt-BoWBoE,t_445,0.2811
input.bt-BoWBoE,t_626,0.3612
input.bt-BoWBoE,t_646,0.1154
input.bt-BoWBoE,t_690,0.0094
input.bt-BoWBoE,t_801,0.1147
input.bt-BoWBoE,t_802,0.7347
input.bt-BoWBoE,t_803,0.2525
input.bt-BoWBoE,t_804,0.1464
input.bt-BoWBoE,t_805,0.1576
input.bt-BoWBoE,t_806,0.5479
input.bt-BoWBoE,t_807,0.8322
input.bt-BoWBoE,t_808,0.0878
input.bt-BoWBoE,t_809,0.4384
input.bt-BoWBoE,t_810,0.2462
input.bt-BoWBoE,t_811,0.5675
input.bt-BoWBoE,t_812,0.2451
input.bt-BoWBoE,t_813,0.0908
input.bt-BoWBoE,t_814,0.5077
input.bt-BoWBoE,t_815,0.347
input.bt-BoWBoE,t_816,0.1253
input.bt-BoWBoE,t_817,0.4384
input.bt-BoWBoE,t_818,0.3307
input.bt-BoWBoE,t_819,0.1128
input.bt-BoWBoE,t_820,0.2157
input.bt-BoWBoE,t_821,0.1963
input.bt-BoWBoE,t_822,0.298
input.bt-BoWBoE,t_823,0.3367
input.bt-BoWBoE,t_824,0.5032
input.bt-BoWBoE,t_825,0.5495
input.h2oloo_e7ax0.6,t_321,0.2842
input.h2oloo_e7ax0.6,t_336,0.2037
input.h2oloo_e7ax0.6,t_341,0.462
input.h2oloo_e7ax0.6,t_347,0.3538
input.h2oloo_e7ax0.6,t_350,0.0495
input.h2oloo_e7ax0.6,t_362,0.5021
input.h2oloo_e7ax0.6,t_363,0.6921
input.h2oloo_e7ax0.6,t_367,0.3353
input.h2oloo_e7ax0.6,t_375,0.588
input.h2oloo_e7ax0.6,t_378,0.1676
input.h2oloo_e7ax0.6,t_393,0.0122
input.h2oloo_e7ax0.6,t_397,0.7523
input.h2oloo_e7ax0.6,t_400,0.2219
input.h2oloo_e7ax0.6,t_408,0.4773
input.h2oloo_e7ax0.6,t_414,0.0055
input.h2oloo_e7ax0.6,t_422,0.38
input.h2oloo_e7ax0.6,t_426,0.381
input.h2oloo_e7ax0.6,t_427,0.0983
input.h2oloo_e7ax0.6,t_433,0.1388
input.h2oloo_e7ax0.6,t_439,0.2179
input.h2oloo_e7ax0.6,t_442,0.2646
input.h2oloo_e7ax0.6,t_445,0.3099
input.h2oloo_e7ax0.6,t_626,0.6118
input.h2oloo_e7ax0.6,t_646,0.0822
input.h2oloo_e7ax0.6,t_690,0.1023
input.h2oloo_e7ax0.6,t_801,0.1587
input.h2oloo_e7ax0.6,t_802,0.2557
input.h2oloo_e7ax0.6,t_803,0.3089
input.h2oloo_e7ax0.6,t_804,0.2079
input.h2oloo_e7ax0.6,t_805,0.0908
input.h2oloo_e7ax0.6,t_806,0.6539
input.h2oloo_e7ax0.6,t_807,0.8952
input.h2oloo_e7ax0.6,t_808,0.236
input.h2oloo_e7ax0.6,t_809,0.4946
input.h2oloo_e7ax0.6,t_810,0.2671
input.h2oloo_e7ax0.6,t_811,0.6203
input.h2oloo_e7ax0.6,t_812,0.2479
input.h2oloo_e7ax0.6,t_813,0.0825
input.h2oloo_e7ax0.6,t_814,0.5312
input.h2oloo_e7ax0.6,t_815,0.2394
input.h2oloo_e7ax0.6,t_816,0.0952
input.h2oloo_e7ax0.6,t_817,0.3878
input.h2oloo_e7ax0.6,t_818,0.5901
input.h2oloo_e7ax0.6,t_819,0.1303
input.h2oloo_e7ax0.6,t_820,0.3234
input.h2oloo_e7ax0.6,t_821,0.2942
input.h2oloo_e7ax0.6,t_822,0.3073
input.h2oloo_e7ax0.6,t_823,0.4609
input.h2oloo_e7ax0.6,t_824,0.4719
input.h2oloo_e7ax0.6,t_825,0.5067
input.h2oloo_e7ax0.7,t_321,0.2543
input.h2oloo_e7ax0.7,t_336,0.1942
input.h2oloo_e7ax0.7,t_341,0.407
input.h2oloo_e7ax0.7,t_347,0.39
input.h2oloo_e7ax0.7,t_350,0.0964
input.h2oloo_e7ax0.7,t_362,0.4995
input.h2oloo_e7ax0.7,t_363,0.6345
input.h2oloo_e7ax0.7,t_367,0.3414
input.h2oloo_e7ax0.7,t_375,0.5553
input.h2oloo_e7ax0.7,t_378,0.1575
input.h2oloo_e7ax0.7,t_393,0.0143
input.h2oloo_e7ax0.7,t_397,0.756
input.h2oloo_e7ax0.7,t_400,0.2078
input.h2oloo_e7ax0.7,t_408,0.5208
input.h2oloo_e7ax0.7,t_414,0.0049
input.h2oloo_e7ax0.7,t_422,0.389
input.h2oloo_e7ax0.7,t_426,0.3096
input.h2oloo_e7ax0.7,t_427,0.1008
input.h2oloo_e7ax0.7,t_433,0.1244
input.h2oloo_e7ax0.7,t_439,0.2223
input.h2oloo_e7ax0.7,t_442,0.2565
input.h2oloo_e7ax0.7,t_445,0.2993
input.h2oloo_e7ax0.7,t_626,0.5923
input.h2oloo_e7ax0.7,t_646,0.0809
input.h2oloo_e7ax0.7,t_690,0.1023
input.h2oloo_e7ax0.7,t_801,0.1587
input.h2oloo_e7ax0.7,t_802,0.2557
input.h2oloo_e7ax0.7,t_803,0.3089
input.h2oloo_e7ax0.7,t_804,0.2079
input.h2oloo_e7ax0.7,t_805,0.0908
input.h2oloo_e7ax0.7,t_806,0.6539
input.h2oloo_e7ax0.7,t_807,0.8952
input.h2oloo_e7ax0.7,t_808,0.236
input.h2oloo_e7ax0.7,t_809,0.4946
input.h2oloo_e7ax0.7,t_810,0.2671
input.h2oloo_e7ax0.7,t_811,0.6203
input.h2oloo_e7ax0.7,t_812,0.2479
input.h2oloo_e7ax0.7,t_813,0.0825
input.h2oloo_e7ax0.7,t_814,0.5312
input.h2oloo_e7ax0.7,t_815,0.2394
input.h2oloo_e7ax0.7,t_816,0.0952
input.h2oloo_e7ax0.7,t_817,0.3878
input.h2oloo_e7ax0.7,t_818,0.5901
input.h2oloo_e7ax0.7,t_819,0.1303
input.h2oloo_e7ax0.7,t_820,0.3234
input.h2oloo_e7ax0.7,t_821,0.2942
input.h2oloo_e7ax0.7,t_822,0.3073
input.h2oloo_e7ax0.7,t_823,0.4609
input.h2oloo_e7ax0.7,t_824,0.4719
input.h2oloo_e7ax0.7,t_825,0.5067
input.h2oloo_e7rm30.6,t_321,0.304
input.h2oloo_e7rm30.6,t_336,0.2167
input.h2oloo_e7rm30.6,t_341,0.4839
input.h2oloo_e7rm30.6,t_347,0.3455
input.h2oloo_e7rm30.6,t_350,0.1634
input.h2oloo_e7rm30.6,t_362,0.4318
input.h2oloo_e7rm30.6,t_363,0.6547
input.h2oloo_e7rm30.6,t_367,0.3091
input.h2oloo_e7rm30.6,t_375,0.5896
input.h2oloo_e7rm30.6,t_378,0.1724
input.h2oloo_e7rm30.6,t_393,0.0081
input.h2oloo_e7rm30.6,t_397,0.7316
input.h2oloo_e7rm30.6,t_400,0.1945
input.h2oloo_e7rm30.6,t_408,0.4703
input.h2oloo_e7rm30.6,t_414,0.0154
input.h2oloo_e7rm30.6,t_422,0.4393
input.h2oloo_e7rm30.6,t_426,0.4266
input.h2oloo_e7rm30.6,t_427,0.097
input.h2oloo_e7rm30.6,t_433,0.0132
input.h2oloo_e7rm30.6,t_439,0.2064
input.h2oloo_e7rm30.6,t_442,0.2215
input.h2oloo_e7rm30.6,t_445,0.3128
input.h2oloo_e7rm30.6,t_626,0.5865
input.h2oloo_e7rm30.6,t_646,0.0862
input.h2oloo_e7rm30.6,t_690,0.1033
input.h2oloo_e7rm30.6,t_801,0.1426
input.h2oloo_e7rm30.6,t_802,0.1485
input.h2oloo_e7rm30.6,t_803,0.3101
input.h2oloo_e7rm30.6,t_804,0.3274
input.h2oloo_e7rm30.6,t_805,0.1223
input.h2oloo_e7rm30.6,t_806,0.655
input.h2oloo_e7rm30.6,t_807,0.9087
input.h2oloo_e7rm30.6,t_808,0.1479
input.h2oloo_e7rm30.6,t_809,0.7843
input.h2oloo_e7rm30.6,t_810,0.1648
input.h2oloo_e7rm30.6,t_811,0.6008
input.h2oloo_e7rm30.6,t_812,0.1471
input.h2oloo_e7rm30.6,t_813,0.0841
input.h2oloo_e7rm30.6,t_814,0.6259
input.h2oloo_e7rm30.6,t_815,0.2833
input.h2oloo_e7rm30.6,t_816,0.1179
input.h2oloo_e7rm30.6,t_817,0.3862
input.h2oloo_e7rm30.6,t_818,0.6142
input.h2oloo_e7rm30.6,t_819,0.1114
input.h2oloo_e7rm30.6,t_820,0.2756
input.h2oloo_e7rm30.6,t_821,0.346
input.h2oloo_e7rm30.6,t_822,0.3093
input.h2oloo_e7rm30.6,t_823,0.4881
input.h2oloo_e7rm30.6,t_824,0.4943
input.h2oloo_e7rm30.6,t_825,0.4837
input.h2oloo_e7rm30.7,t_321,0.2935
input.h2oloo_e7rm30.7,t_336,0.1937
input.h2oloo_e7rm30.7,t_341,0.444
input.h2oloo_e7rm30.7,t_347,0.3746
input.h2oloo_e7rm30.7,t_350,0.3672
input.h2oloo_e7rm30.7,t_362,0.4536
input.h2oloo_e7rm30.7,t_363,0.6277
input.h2oloo_e7rm30.7,t_367,0.3223
input.h2oloo_e7rm30.7,t_375,0.5725
input.h2oloo_e7rm30.7,t_378,0.1513
input.h2oloo_e7rm30.7,t_393,0.0075
input.h2oloo_e7rm30.7,t_397,0.7389
input.h2oloo_e7rm30.7,t_400,0.2019
input.h2oloo_e7rm30.7,t_408,0.5281
input.h2oloo_e7rm30.7,t_414,0.0112
input.h2oloo_e7rm30.7,t_422,0.4289
input.h2oloo_e7rm30.7,t_426,0.3646
input.h2oloo_e7rm30.7,t_427,0.104
input.h2oloo_e7rm30.7,t_433,0.0161
input.h2oloo_e7rm30.7,t_439,0.209
input.h2oloo_e7rm30.7,t_442,0.1955
input.h2oloo_e7rm30.7,t_445,0.3309
input.h2oloo_e7rm30.7,t_626,0.5981
input.h2oloo_e7rm30.7,t_646,0.0891
input.h2oloo_e7rm30.7,t_690,0.1025
input.h2oloo_e7rm30.7,t_801,0.1426
input.h2oloo_e7rm30.7,t_802,0.1485
input.h2oloo_e7rm30.7,t_803,0.3101
input.h2oloo_e7rm30.7,t_804,0.3274
input.h2oloo_e7rm30.7,t_805,0.1223
input.h2oloo_e7rm30.7,t_806,0.655
input.h2oloo_e7rm30.7,t_807,0.9087
input.h2oloo_e7rm30.7,t_808,0.1479
input.h2oloo_e7rm30.7,t_809,0.7843
input.h2oloo_e7rm30.7,t_810,0.1648
input.h2oloo_e7rm30.7,t_811,0.6008
input.h2oloo_e7rm30.7,t_812,0.1471
input.h2oloo_e7rm30.7,t_813,0.0841
input.h2oloo_e7rm30.7,t_814,0.6259
input.h2oloo_e7rm30.7,t_815,0.2833
input.h2oloo_e7rm30.7,t_816,0.1179
input.h2oloo_e7rm30.7,t_817,0.3862
input.h2oloo_e7rm30.7,t_818,0.6142
input.h2oloo_e7rm30.7,t_819,0.1114
input.h2oloo_e7rm30.7,t_820,0.2756
input.h2oloo_e7rm30.7,t_821,0.346
input.h2oloo_e7rm30.7,t_822,0.3093
input.h2oloo_e7rm30.7,t_823,0.4881
input.h2oloo_e7rm30.7,t_824,0.4943
input.h2oloo_e7rm30.7,t_825,0.4837
input.h2oloo_enax0.6,t_321,0.2856
input.h2oloo_enax0.6,t_336,0.229
input.h2oloo_enax0.6,t_341,0.4617
input.h2oloo_enax0.6,t_347,0.3527
input.h2oloo_enax0.6,t_350,0.0542
input.h2oloo_enax0.6,t_362,0.456
input.h2oloo_enax0.6,t_363,0.6841
input.h2oloo_enax0.6,t_367,0.3535
input.h2oloo_enax0.6,t_375,0.5939
input.h2oloo_enax0.6,t_378,0.1668
input.h2oloo_enax0.6,t_393,0.0125
input.h2oloo_enax0.6,t_397,0.7413
input.h2oloo_enax0.6,t_400,0.2257
input.h2oloo_enax0.6,t_408,0.5255
input.h2oloo_enax0.6,t_414,0.0075
input.h2oloo_enax0.6,t_422,0.4411
input.h2oloo_enax0.6,t_426,0.4064
input.h2oloo_enax0.6,t_427,0.1103
input.h2oloo_enax0.6,t_433,0.141
input.h2oloo_enax0.6,t_439,0.2199
input.h2oloo_enax0.6,t_442,0.2697
input.h2oloo_enax0.6,t_445,0.299
input.h2oloo_enax0.6,t_626,0.6335
input.h2oloo_enax0.6,t_646,0.0831
input.h2oloo_enax0.6,t_690,0.094
input.h2oloo_enax0.6,t_801,0.1587
input.h2oloo_enax0.6,t_802,0.2557
input.h2oloo_enax0.6,t_803,0.3089
input.h2oloo_enax0.6,t_804,0.2079
input.h2oloo_enax0.6,t_805,0.0908
input.h2oloo_enax0.6,t_806,0.6539
input.h2oloo_enax0.6,t_807,0.8952
input.h2oloo_enax0.6,t_808,0.236
input.h2oloo_enax0.6,t_809,0.4946
input.h2oloo_enax0.6,t_810,0.2671
input.h2oloo_enax0.6,t_811,0.6203
input.h2oloo_enax0.6,t_812,0.2479
input.h2oloo_enax0.6,t_813,0.0825
input.h2oloo_enax0.6,t_814,0.5312
input.h2oloo_enax0.6,t_815,0.2394
input.h2oloo_enax0.6,t_816,0.0952
input.h2oloo_enax0.6,t_817,0.3878
input.h2oloo_enax0.6,t_818,0.5901
input.h2oloo_enax0.6,t_819,0.1303
input.h2oloo_enax0.6,t_820,0.3234
input.h2oloo_enax0.6,t_821,0.2942
input.h2oloo_enax0.6,t_822,0.3073
input.h2oloo_enax0.6,t_823,0.4609
input.h2oloo_enax0.6,t_824,0.4719
input.h2oloo_enax0.6,t_825,0.5067
input.h2oloo_enax0.7,t_321,0.2593
input.h2oloo_enax0.7,t_336,0.1896
input.h2oloo_enax0.7,t_341,0.4041
input.h2oloo_enax0.7,t_347,0.3729
input.h2oloo_enax0.7,t_350,0.13
input.h2oloo_enax0.7,t_362,0.442
input.h2oloo_enax0.7,t_363,0.6002
input.h2oloo_enax0.7,t_367,0.3533
input.h2oloo_enax0.7,t_375,0.5732
input.h2oloo_enax0.7,t_378,0.1856
input.h2oloo_enax0.7,t_393,0.0185
input.h2oloo_enax0.7,t_397,0.7371
input.h2oloo_enax0.7,t_400,0.2106
input.h2oloo_enax0.7,t_408,0.5374
input.h2oloo_enax0.7,t_414,0.0064
input.h2oloo_enax0.7,t_422,0.4431
input.h2oloo_enax0.7,t_426,0.3755
input.h2oloo_enax0.7,t_427,0.1131
input.h2oloo_enax0.7,t_433,0.1609
input.h2oloo_enax0.7,t_439,0.2148
input.h2oloo_enax0.7,t_442,0.263
input.h2oloo_enax0.7,t_445,0.2886
input.h2oloo_enax0.7,t_626,0.6081
input.h2oloo_enax0.7,t_646,0.0916
input.h2oloo_enax0.7,t_690,0.0954
input.h2oloo_enax0.7,t_801,0.1426
input.h2oloo_enax0.7,t_802,0.1485
input.h2oloo_enax0.7,t_803,0.3101
input.h2oloo_enax0.7,t_804,0.3274
input.h2oloo_enax0.7,t_805,0.1223
input.h2oloo_enax0.7,t_806,0.655
input.h2oloo_enax0.7,t_807,0.9087
input.h2oloo_enax0.7,t_808,0.1479
input.h2oloo_enax0.7,t_809,0.7843
input.h2oloo_enax0.7,t_810,0.1648
input.h2oloo_enax0.7,t_811,0.6008
input.h2oloo_enax0.7,t_812,0.1471
input.h2oloo_enax0.7,t_813,0.0841
input.h2oloo_enax0.7,t_814,0.6259
input.h2oloo_enax0.7,t_815,0.2833
input.h2oloo_enax0.7,t_816,0.1179
input.h2oloo_enax0.7,t_817,0.3862
input.h2oloo_enax0.7,t_818,0.6142
input.h2oloo_enax0.7,t_819,0.1114
input.h2oloo_enax0.7,t_820,0.2756
input.h2oloo_enax0.7,t_821,0.346
input.h2oloo_enax0.7,t_822,0.3093
input.h2oloo_enax0.7,t_823,0.4881
input.h2oloo_enax0.7,t_824,0.4943
input.h2oloo_enax0.7,t_825,0.4837
input.h2oloo_LR2AX0.6,t_321,0.29
input.h2oloo_LR2AX0.6,t_336,0.1935
input.h2oloo_LR2AX0.6,t_341,0.4261
input.h2oloo_LR2AX0.6,t_347,0.3483
input.h2oloo_LR2AX0.6,t_350,0.0605
input.h2oloo_LR2AX0.6,t_362,0.4742
input.h2oloo_LR2AX0.6,t_363,0.6258
input.h2oloo_LR2AX0.6,t_367,0.3195
input.h2oloo_LR2AX0.6,t_375,0.559
input.h2oloo_LR2AX0.6,t_378,0.1715
input.h2oloo_LR2AX0.6,t_393,0.0103
input.h2oloo_LR2AX0.6,t_397,0.7486
input.h2oloo_LR2AX0.6,t_400,0.2339
input.h2oloo_LR2AX0.6,t_408,0.4372
input.h2oloo_LR2AX0.6,t_414,0.0046
input.h2oloo_LR2AX0.6,t_422,0.2258
input.h2oloo_LR2AX0.6,t_426,0.3131
input.h2oloo_LR2AX0.6,t_427,0.1138
input.h2oloo_LR2AX0.6,t_433,0.1118
input.h2oloo_LR2AX0.6,t_439,0.2007
input.h2oloo_LR2AX0.6,t_442,0.2406
input.h2oloo_LR2AX0.6,t_445,0.281
input.h2oloo_LR2AX0.6,t_626,0.5836
input.h2oloo_LR2AX0.6,t_646,0.093
input.h2oloo_LR2AX0.6,t_690,0.1346
input.h2oloo_LR2AX0.6,t_801,0.1426
input.h2oloo_LR2AX0.6,t_802,0.1485
input.h2oloo_LR2AX0.6,t_803,0.3101
input.h2oloo_LR2AX0.6,t_804,0.3274
input.h2oloo_LR2AX0.6,t_805,0.1223
input.h2oloo_LR2AX0.6,t_806,0.655
input.h2oloo_LR2AX0.6,t_807,0.9087
input.h2oloo_LR2AX0.6,t_808,0.1479
input.h2oloo_LR2AX0.6,t_809,0.7843
input.h2oloo_LR2AX0.6,t_810,0.1648
input.h2oloo_LR2AX0.6,t_811,0.6008
input.h2oloo_LR2AX0.6,t_812,0.1471
input.h2oloo_LR2AX0.6,t_813,0.0841
input.h2oloo_LR2AX0.6,t_814,0.6259
input.h2oloo_LR2AX0.6,t_815,0.2833
input.h2oloo_LR2AX0.6,t_816,0.1179
input.h2oloo_LR2AX0.6,t_817,0.3862
input.h2oloo_LR2AX0.6,t_818,0.6142
input.h2oloo_LR2AX0.6,t_819,0.1114
input.h2oloo_LR2AX0.6,t_820,0.2756
input.h2oloo_LR2AX0.6,t_821,0.346
input.h2oloo_LR2AX0.6,t_822,0.3093
input.h2oloo_LR2AX0.6,t_823,0.4881
input.h2oloo_LR2AX0.6,t_824,0.4943
input.h2oloo_LR2AX0.6,t_825,0.4837
input.h2oloo_LR2_rm3,t_321,0.2887
input.h2oloo_LR2_rm3,t_336,0.2394
input.h2oloo_LR2_rm3,t_341,0.4645
input.h2oloo_LR2_rm3,t_347,0.3267
input.h2oloo_LR2_rm3,t_350,0.1963
input.h2oloo_LR2_rm3,t_362,0.4185
input.h2oloo_LR2_rm3,t_363,0.5997
input.h2oloo_LR2_rm3,t_367,0.311
input.h2oloo_LR2_rm3,t_375,0.5787
input.h2oloo_LR2_rm3,t_378,0.1772
input.h2oloo_LR2_rm3,t_393,0.0077
input.h2oloo_LR2_rm3,t_397,0.7269
input.h2oloo_LR2_rm3,t_400,0.2074
input.h2oloo_LR2_rm3,t_408,0.4271
input.h2oloo_LR2_rm3,t_414,0.0074
input.h2oloo_LR2_rm3,t_422,0.2863
input.h2oloo_LR2_rm3,t_426,0.4244
input.h2oloo_LR2_rm3,t_427,0.106
input.h2oloo_LR2_rm3,t_433,0.0119
input.h2oloo_LR2_rm3,t_439,0.1868
input.h2oloo_LR2_rm3,t_442,0.1953
input.h2oloo_LR2_rm3,t_445,0.3076
input.h2oloo_LR2_rm3,t_626,0.5749
input.h2oloo_LR2_rm3,t_646,0.0911
input.h2oloo_LR2_rm3,t_690,0.1242
input.h2oloo_LR2_rm3,t_801,0.1426
input.h2oloo_LR2_rm3,t_802,0.1485
input.h2oloo_LR2_rm3,t_803,0.3101
input.h2oloo_LR2_rm3,t_804,0.3274
input.h2oloo_LR2_rm3,t_805,0.1223
input.h2oloo_LR2_rm3,t_806,0.655
input.h2oloo_LR2_rm3,t_807,0.9087
input.h2oloo_LR2_rm3,t_808,0.1479
input.h2oloo_LR2_rm3,t_809,0.7843
input.h2oloo_LR2_rm3,t_810,0.1648
input.h2oloo_LR2_rm3,t_811,0.6008
input.h2oloo_LR2_rm3,t_812,0.1471
input.h2oloo_LR2_rm3,t_813,0.0841
input.h2oloo_LR2_rm3,t_814,0.6259
input.h2oloo_LR2_rm3,t_815,0.2833
input.h2oloo_LR2_rm3,t_816,0.1179
input.h2oloo_LR2_rm3,t_817,0.3862
input.h2oloo_LR2_rm3,t_818,0.6142
input.h2oloo_LR2_rm3,t_819,0.1114
input.h2oloo_LR2_rm3,t_820,0.2756
input.h2oloo_LR2_rm3,t_821,0.346
input.h2oloo_LR2_rm3,t_822,0.3093
input.h2oloo_LR2_rm3,t_823,0.4881
input.h2oloo_LR2_rm3,t_824,0.4943
input.h2oloo_LR2_rm3,t_825,0.4837
input.h2oloo_LRax0.6,t_321,0.3209
input.h2oloo_LRax0.6,t_336,0.2423
input.h2oloo_LRax0.6,t_341,0.474
input.h2oloo_LRax0.6,t_347,0.3316
input.h2oloo_LRax0.6,t_350,0.1824
input.h2oloo_LRax0.6,t_362,0.421
input.h2oloo_LRax0.6,t_363,0.6038
input.h2oloo_LRax0.6,t_367,0.3064
input.h2oloo_LRax0.6,t_375,0.5849
input.h2oloo_LRax0.6,t_378,0.1511
input.h2oloo_LRax0.6,t_393,0.0065
input.h2oloo_LRax0.6,t_397,0.7257
input.h2oloo_LRax0.6,t_400,0.2019
input.h2oloo_LRax0.6,t_408,0.4291
input.h2oloo_LRax0.6,t_414,0.0077
input.h2oloo_LRax0.6,t_422,0.2984
input.h2oloo_LRax0.6,t_426,0.4123
input.h2oloo_LRax0.6,t_427,0.1015
input.h2oloo_LRax0.6,t_433,0.0125
input.h2oloo_LRax0.6,t_439,0.1852
input.h2oloo_LRax0.6,t_442,0.1987
input.h2oloo_LRax0.6,t_445,0.3082
input.h2oloo_LRax0.6,t_626,0.5603
input.h2oloo_LRax0.6,t_646,0.0806
input.h2oloo_LRax0.6,t_690,0.1278
input.h2oloo_LRax0.6,t_801,0.1587
input.h2oloo_LRax0.6,t_802,0.2557
input.h2oloo_LRax0.6,t_803,0.3089
input.h2oloo_LRax0.6,t_804,0.2079
input.h2oloo_LRax0.6,t_805,0.0908
input.h2oloo_LRax0.6,t_806,0.6539
input.h2oloo_LRax0.6,t_807,0.8952
input.h2oloo_LRax0.6,t_808,0.236
input.h2oloo_LRax0.6,t_809,0.4946
input.h2oloo_LRax0.6,t_810,0.2671
input.h2oloo_LRax0.6,t_811,0.6203
input.h2oloo_LRax0.6,t_812,0.2479
input.h2oloo_LRax0.6,t_813,0.0825
input.h2oloo_LRax0.6,t_814,0.5312
input.h2oloo_LRax0.6,t_815,0.2394
input.h2oloo_LRax0.6,t_816,0.0952
input.h2oloo_LRax0.6,t_817,0.3878
input.h2oloo_LRax0.6,t_818,0.5901
input.h2oloo_LRax0.6,t_819,0.1303
input.h2oloo_LRax0.6,t_820,0.3234
input.h2oloo_LRax0.6,t_821,0.2942
input.h2oloo_LRax0.6,t_822,0.3073
input.h2oloo_LRax0.6,t_823,0.4609
input.h2oloo_LRax0.6,t_824,0.4719
input.h2oloo_LRax0.6,t_825,0.5067
input.RMITEXTGIGADA5,t_321,0.33
input.RMITEXTGIGADA5,t_336,0.1771
input.RMITEXTGIGADA5,t_341,0.3905
input.RMITEXTGIGADA5,t_347,0.0913
input.RMITEXTGIGADA5,t_350,5e-04
input.RMITEXTGIGADA5,t_362,0.2342
input.RMITEXTGIGADA5,t_363,0.3119
input.RMITEXTGIGADA5,t_367,0.153
input.RMITEXTGIGADA5,t_375,0.5035
input.RMITEXTGIGADA5,t_378,0.1907
input.RMITEXTGIGADA5,t_393,0.0449
input.RMITEXTGIGADA5,t_397,0.6063
input.RMITEXTGIGADA5,t_400,0.1997
input.RMITEXTGIGADA5,t_408,0.1025
input.RMITEXTGIGADA5,t_414,0.0447
input.RMITEXTGIGADA5,t_422,0.4208
input.RMITEXTGIGADA5,t_426,0.0201
input.RMITEXTGIGADA5,t_427,0.0252
input.RMITEXTGIGADA5,t_433,0.131
input.RMITEXTGIGADA5,t_439,0.0685
input.RMITEXTGIGADA5,t_442,0.0176
input.RMITEXTGIGADA5,t_445,0.3985
input.RMITEXTGIGADA5,t_626,0.5337
input.RMITEXTGIGADA5,t_646,0.0775
input.RMITEXTGIGADA5,t_690,0.042
input.RMITEXTGIGADA5,t_801,0.1979
input.RMITEXTGIGADA5,t_802,0.581
input.RMITEXTGIGADA5,t_803,0.2395
input.RMITEXTGIGADA5,t_804,0.0011
input.RMITEXTGIGADA5,t_805,0.1067
input.RMITEXTGIGADA5,t_806,0.3435
input.RMITEXTGIGADA5,t_807,0.7307
input.RMITEXTGIGADA5,t_808,0.0405
input.RMITEXTGIGADA5,t_809,0.5087
input.RMITEXTGIGADA5,t_810,0.5462
input.RMITEXTGIGADA5,t_811,0.4702
input.RMITEXTGIGADA5,t_812,0.1529
input.RMITEXTGIGADA5,t_813,0.1555
input.RMITEXTGIGADA5,t_814,0.7081
input.RMITEXTGIGADA5,t_815,0.2584
input.RMITEXTGIGADA5,t_816,0.1346
input.RMITEXTGIGADA5,t_817,0.4053
input.RMITEXTGIGADA5,t_818,0.5278
input.RMITEXTGIGADA5,t_819,0.0438
input.RMITEXTGIGADA5,t_820,0.3007
input.RMITEXTGIGADA5,t_821,0.1204
input.RMITEXTGIGADA5,t_822,0.0556
input.RMITEXTGIGADA5,t_823,0.4266
input.RMITEXTGIGADA5,t_824,0.1443
input.RMITEXTGIGADA5,t_825,0.6068
input.RMITFDA4,t_321,0.3313
input.RMITFDA4,t_336,0.2675
input.RMITFDA4,t_341,0.4132
input.RMITFDA4,t_347,0.0872
input.RMITFDA4,t_350,0.0097
input.RMITFDA4,t_362,0.3018
input.RMITFDA4,t_363,0.4616
input.RMITFDA4,t_367,0.1599
input.RMITFDA4,t_375,0.6201
input.RMITFDA4,t_378,0.2241
input.RMITFDA4,t_393,0.038
input.RMITFDA4,t_397,0.7145
input.RMITFDA4,t_400,0.2106
input.RMITFDA4,t_408,0.088
input.RMITFDA4,t_414,0.0691
input.RMITFDA4,t_422,0.4512
input.RMITFDA4,t_426,0.0768
input.RMITFDA4,t_427,0.0353
input.RMITFDA4,t_433,0.0345
input.RMITFDA4,t_439,0.0587
input.RMITFDA4,t_442,0.1082
input.RMITFDA4,t_445,0.4207
input.RMITFDA4,t_626,0.5035
input.RMITFDA4,t_646,0.1143
input.RMITFDA4,t_690,0.0336
input.RMITFDA4,t_801,0.2045
input.RMITFDA4,t_802,0.6136
input.RMITFDA4,t_803,0.3075
input.RMITFDA4,t_804,0.3808
input.RMITFDA4,t_805,0.1442
input.RMITFDA4,t_806,0.6251
input.RMITFDA4,t_807,0.858
input.RMITFDA4,t_808,0.1601
input.RMITFDA4,t_809,0.6843
input.RMITFDA4,t_810,0.3259
input.RMITFDA4,t_811,0.6903
input.RMITFDA4,t_812,0.2405
input.RMITFDA4,t_813,0.0999
input.RMITFDA4,t_814,0.7357
input.RMITFDA4,t_815,0.2538
input.RMITFDA4,t_816,0.1307
input.RMITFDA4,t_817,0.3949
input.RMITFDA4,t_818,0.6542
input.RMITFDA4,t_819,0.0929
input.RMITFDA4,t_820,0.3223
input.RMITFDA4,t_821,0.1185
input.RMITFDA4,t_822,0.2266
input.RMITFDA4,t_823,0.4596
input.RMITFDA4,t_824,0.3889
input.RMITFDA4,t_825,0.5972
input.RMITUQVDBFDM3,t_321,0.3359
input.RMITUQVDBFDM3,t_336,0.3171
input.RMITUQVDBFDM3,t_341,0.3753
input.RMITUQVDBFDM3,t_347,0.1036
input.RMITUQVDBFDM3,t_350,0.4132
input.RMITUQVDBFDM3,t_362,0.3723
input.RMITUQVDBFDM3,t_363,0.5949
input.RMITUQVDBFDM3,t_367,0.3882
input.RMITUQVDBFDM3,t_375,0.4974
input.RMITUQVDBFDM3,t_378,0.2656
input.RMITUQVDBFDM3,t_393,0.1102
input.RMITUQVDBFDM3,t_397,0.7391
input.RMITUQVDBFDM3,t_400,0.3265
input.RMITUQVDBFDM3,t_408,0.2662
input.RMITUQVDBFDM3,t_414,0.0546
input.RMITUQVDBFDM3,t_422,0.4253
input.RMITUQVDBFDM3,t_426,0.4108
input.RMITUQVDBFDM3,t_427,0.0305
input.RMITUQVDBFDM3,t_433,0.1605
input.RMITUQVDBFDM3,t_439,0.0438
input.RMITUQVDBFDM3,t_442,0.1095
input.RMITUQVDBFDM3,t_445,0.3078
input.RMITUQVDBFDM3,t_626,0.7222
input.RMITUQVDBFDM3,t_646,0.0867
input.RMITUQVDBFDM3,t_690,0.0681
input.RMITUQVDBFDM3,t_801,0.223
input.RMITUQVDBFDM3,t_802,0.6256
input.RMITUQVDBFDM3,t_803,0.3174
input.RMITUQVDBFDM3,t_804,0.7662
input.RMITUQVDBFDM3,t_805,0.1311
input.RMITUQVDBFDM3,t_806,0.8343
input.RMITUQVDBFDM3,t_807,0.8652
input.RMITUQVDBFDM3,t_808,0.2548
input.RMITUQVDBFDM3,t_809,0.7452
input.RMITUQVDBFDM3,t_810,0.1975
input.RMITUQVDBFDM3,t_811,0.6508
input.RMITUQVDBFDM3,t_812,0.5065
input.RMITUQVDBFDM3,t_813,0.1647
input.RMITUQVDBFDM3,t_814,0.7885
input.RMITUQVDBFDM3,t_815,0.2602
input.RMITUQVDBFDM3,t_816,0.1781
input.RMITUQVDBFDM3,t_817,0.4085
input.RMITUQVDBFDM3,t_818,0.699
input.RMITUQVDBFDM3,t_819,0.0802
input.RMITUQVDBFDM3,t_820,0.3459
input.RMITUQVDBFDM3,t_821,0.1193
input.RMITUQVDBFDM3,t_822,0.4136
input.RMITUQVDBFDM3,t_823,0.4341
input.RMITUQVDBFDM3,t_824,0.6266
input.RMITUQVDBFDM3,t_825,0.6012
input.RMITUQVDBFNZDM1,t_321,0.3672
input.RMITUQVDBFNZDM1,t_336,0.2413
input.RMITUQVDBFNZDM1,t_341,0.3492
input.RMITUQVDBFNZDM1,t_347,0.1218
input.RMITUQVDBFNZDM1,t_350,0.2357
input.RMITUQVDBFNZDM1,t_362,0.4264
input.RMITUQVDBFNZDM1,t_363,0.6786
input.RMITUQVDBFNZDM1,t_367,0.3981
input.RMITUQVDBFNZDM1,t_375,0.4974
input.RMITUQVDBFNZDM1,t_378,0.2556
input.RMITUQVDBFNZDM1,t_393,0.1437
input.RMITUQVDBFNZDM1,t_397,0.7397
input.RMITUQVDBFNZDM1,t_400,0.3309
input.RMITUQVDBFNZDM1,t_408,0.2897
input.RMITUQVDBFNZDM1,t_414,0.0721
input.RMITUQVDBFNZDM1,t_422,0.4535
input.RMITUQVDBFNZDM1,t_426,0.4922
input.RMITUQVDBFNZDM1,t_427,0.1128
input.RMITUQVDBFNZDM1,t_433,0.3058
input.RMITUQVDBFNZDM1,t_439,0.0357
input.RMITUQVDBFNZDM1,t_442,0.0328
input.RMITUQVDBFNZDM1,t_445,0.3608
input.RMITUQVDBFNZDM1,t_626,0.7257
input.RMITUQVDBFNZDM1,t_646,0.1063
input.RMITUQVDBFNZDM1,t_690,0.057
input.RMITUQVDBFNZDM1,t_801,0.2284
input.RMITUQVDBFNZDM1,t_802,0.6015
input.RMITUQVDBFNZDM1,t_803,0.3053
input.RMITUQVDBFNZDM1,t_804,0.7677
input.RMITUQVDBFNZDM1,t_805,0.1968
input.RMITUQVDBFNZDM1,t_806,0.7965
input.RMITUQVDBFNZDM1,t_807,0.8652
input.RMITUQVDBFNZDM1,t_808,0.2981
input.RMITUQVDBFNZDM1,t_809,0.7919
input.RMITUQVDBFNZDM1,t_810,0.2013
input.RMITUQVDBFNZDM1,t_811,0.7023
input.RMITUQVDBFNZDM1,t_812,0.4919
input.RMITUQVDBFNZDM1,t_813,0.1614
input.RMITUQVDBFNZDM1,t_814,0.7929
input.RMITUQVDBFNZDM1,t_815,0.2622
input.RMITUQVDBFNZDM1,t_816,0.1778
input.RMITUQVDBFNZDM1,t_817,0.4193
input.RMITUQVDBFNZDM1,t_818,0.6351
input.RMITUQVDBFNZDM1,t_819,0.1628
input.RMITUQVDBFNZDM1,t_820,0.3474
input.RMITUQVDBFNZDM1,t_821,0.1259
input.RMITUQVDBFNZDM1,t_822,0.4218
input.RMITUQVDBFNZDM1,t_823,0.44
input.RMITUQVDBFNZDM1,t_824,0.6258
input.RMITUQVDBFNZDM1,t_825,0.5988
input.sab18coreA,t_321,0.3193
input.sab18coreA,t_336,0.1504
input.sab18coreA,t_341,0.3435
input.sab18coreA,t_347,0.038
input.sab18coreA,t_350,0.0102
input.sab18coreA,t_362,0.118
input.sab18coreA,t_363,0.139
input.sab18coreA,t_367,0.19
input.sab18coreA,t_375,0.4503
input.sab18coreA,t_378,0.1623
input.sab18coreA,t_393,0.0051
input.sab18coreA,t_397,0.1655
input.sab18coreA,t_400,0.1043
input.sab18coreA,t_408,0.1219
input.sab18coreA,t_414,0.0265
input.sab18coreA,t_422,0.1925
input.sab18coreA,t_426,0.186
input.sab18coreA,t_427,0.0231
input.sab18coreA,t_433,0.017
input.sab18coreA,t_439,0.0084
input.sab18coreA,t_442,0.013
input.sab18coreA,t_445,0.2313
input.sab18coreA,t_626,0.286
input.sab18coreA,t_646,0.1424
input.sab18coreA,t_690,0.0225
input.sab18coreA,t_801,0.1603
input.sab18coreA,t_802,0.6625
input.sab18coreA,t_803,0.2189
input.sab18coreA,t_804,0.7834
input.sab18coreA,t_805,0.0668
input.sab18coreA,t_806,0.6251
input.sab18coreA,t_807,0.7796
input.sab18coreA,t_808,0.0943
input.sab18coreA,t_809,0.3797
input.sab18coreA,t_810,0.1523
input.sab18coreA,t_811,0.5439
input.sab18coreA,t_812,0.3315
input.sab18coreA,t_813,0.089
input.sab18coreA,t_814,0.3319
input.sab18coreA,t_815,0.2768
input.sab18coreA,t_816,0.219
input.sab18coreA,t_817,0.3816
input.sab18coreA,t_818,0.5582
input.sab18coreA,t_819,0.0646
input.sab18coreA,t_820,0.2753
input.sab18coreA,t_821,0.1572
input.sab18coreA,t_822,0.2513
input.sab18coreA,t_823,0.4357
input.sab18coreA,t_824,0.6579
input.sab18coreA,t_825,0.491
input.sab18coreE1,t_321,0.0701
input.sab18coreE1,t_336,0.0108
input.sab18coreE1,t_341,0.3204
input.sab18coreE1,t_347,0.4027
input.sab18coreE1,t_350,0.1838
input.sab18coreE1,t_362,0.1235
input.sab18coreE1,t_363,0.2678
input.sab18coreE1,t_367,0.0014
input.sab18coreE1,t_375,0.0175
input.sab18coreE1,t_378,0.0981
input.sab18coreE1,t_393,0.2864
input.sab18coreE1,t_397,0.3161
input.sab18coreE1,t_400,0.2335
input.sab18coreE1,t_408,0.2731
input.sab18coreE1,t_414,0.0063
input.sab18coreE1,t_422,0.2615
input.sab18coreE1,t_426,0.0116
input.sab18coreE1,t_427,0.043
input.sab18coreE1,t_433,2e-04
input.sab18coreE1,t_439,5e-04
input.sab18coreE1,t_442,0.0535
input.sab18coreE1,t_445,0.144
input.sab18coreE1,t_626,0.3555
input.sab18coreE1,t_646,0.1017
input.sab18coreE1,t_690,1e-04
input.sab18coreE1,t_801,0.1599
input.sab18coreE1,t_802,0.7063
input.sab18coreE1,t_803,0.215
input.sab18coreE1,t_804,0.7799
input.sab18coreE1,t_805,0.0801
input.sab18coreE1,t_806,0.5177
input.sab18coreE1,t_807,0.7797
input.sab18coreE1,t_808,0.0824
input.sab18coreE1,t_809,0.3786
input.sab18coreE1,t_810,0.2464
input.sab18coreE1,t_811,0.4908
input.sab18coreE1,t_812,0.3247
input.sab18coreE1,t_813,0.0866
input.sab18coreE1,t_814,0.5095
input.sab18coreE1,t_815,0.2829
input.sab18coreE1,t_816,0.2343
input.sab18coreE1,t_817,0.3771
input.sab18coreE1,t_818,0.5534
input.sab18coreE1,t_819,0.0759
input.sab18coreE1,t_820,0.249
input.sab18coreE1,t_821,0.064
input.sab18coreE1,t_822,0.2537
input.sab18coreE1,t_823,0.4377
input.sab18coreE1,t_824,0.5839
input.sab18coreE1,t_825,0.4983
input.sab18nyt_E1,t_321,0.0216
input.sab18nyt_E1,t_336,0.0446
input.sab18nyt_E1,t_341,0.0227
input.sab18nyt_E1,t_347,0.4627
input.sab18nyt_E1,t_350,0.1388
input.sab18nyt_E1,t_362,0.1326
input.sab18nyt_E1,t_363,0.1961
input.sab18nyt_E1,t_367,0.1082
input.sab18nyt_E1,t_375,0.3123
input.sab18nyt_E1,t_378,0.1008
input.sab18nyt_E1,t_393,0.2757
input.sab18nyt_E1,t_397,0.6222
input.sab18nyt_E1,t_400,0.0997
input.sab18nyt_E1,t_408,0.1973
input.sab18nyt_E1,t_414,0.0019
input.sab18nyt_E1,t_422,0.3263
input.sab18nyt_E1,t_426,5e-04
input.sab18nyt_E1,t_427,0.0225
input.sab18nyt_E1,t_433,2e-04
input.sab18nyt_E1,t_439,0.0446
input.sab18nyt_E1,t_442,0.0985
input.sab18nyt_E1,t_445,0.152
input.sab18nyt_E1,t_626,0.2296
input.sab18nyt_E1,t_646,0.0246
input.sab18nyt_E1,t_690,0.002
input.sab18nyt_E1,t_801,0.157
input.sab18nyt_E1,t_802,0.6747
input.sab18nyt_E1,t_803,0.2062
input.sab18nyt_E1,t_804,0.7834
input.sab18nyt_E1,t_805,0.069
input.sab18nyt_E1,t_806,0.6144
input.sab18nyt_E1,t_807,0.7795
input.sab18nyt_E1,t_808,0.0888
input.sab18nyt_E1,t_809,0.3986
input.sab18nyt_E1,t_810,0.1812
input.sab18nyt_E1,t_811,0.496
input.sab18nyt_E1,t_812,0.3117
input.sab18nyt_E1,t_813,0.0927
input.sab18nyt_E1,t_814,0.3056
input.sab18nyt_E1,t_815,0.2662
input.sab18nyt_E1,t_816,0.2225
input.sab18nyt_E1,t_817,0.3976
input.sab18nyt_E1,t_818,0.5468
input.sab18nyt_E1,t_819,0.058
input.sab18nyt_E1,t_820,0.2696
input.sab18nyt_E1,t_821,0.0646
input.sab18nyt_E1,t_822,0.1707
input.sab18nyt_E1,t_823,0.4458
input.sab18nyt_E1,t_824,0.622
input.sab18nyt_E1,t_825,0.4961
input.sab18nyt_O1.50,t_321,0.1287
input.sab18nyt_O1.50,t_336,0.1159
input.sab18nyt_O1.50,t_341,0.0338
input.sab18nyt_O1.50,t_347,0.3692
input.sab18nyt_O1.50,t_350,0.2864
input.sab18nyt_O1.50,t_362,0.2188
input.sab18nyt_O1.50,t_363,0.3725
input.sab18nyt_O1.50,t_367,0.3014
input.sab18nyt_O1.50,t_375,0.5356
input.sab18nyt_O1.50,t_378,0.09
input.sab18nyt_O1.50,t_393,0.2014
input.sab18nyt_O1.50,t_397,0.5827
input.sab18nyt_O1.50,t_400,0.1557
input.sab18nyt_O1.50,t_408,0.3896
input.sab18nyt_O1.50,t_414,0.0095
input.sab18nyt_O1.50,t_422,0.3245
input.sab18nyt_O1.50,t_426,0.2349
input.sab18nyt_O1.50,t_427,0.0956
input.sab18nyt_O1.50,t_433,0.0193
input.sab18nyt_O1.50,t_439,0.0372
input.sab18nyt_O1.50,t_442,0.2626
input.sab18nyt_O1.50,t_445,0.1564
input.sab18nyt_O1.50,t_626,0.5879
input.sab18nyt_O1.50,t_646,0.146
input.sab18nyt_O1.50,t_690,0.0345
input.sab18nyt_O1.50,t_801,0.2176
input.sab18nyt_O1.50,t_802,0.1817
input.sab18nyt_O1.50,t_803,0.0517
input.sab18nyt_O1.50,t_804,0.5654
input.sab18nyt_O1.50,t_805,0.0281
input.sab18nyt_O1.50,t_806,0.0902
input.sab18nyt_O1.50,t_807,0.5533
input.sab18nyt_O1.50,t_808,0.1375
input.sab18nyt_O1.50,t_809,0.3255
input.sab18nyt_O1.50,t_810,0.1425
input.sab18nyt_O1.50,t_811,0.2857
input.sab18nyt_O1.50,t_812,0.0873
input.sab18nyt_O1.50,t_813,0.0657
input.sab18nyt_O1.50,t_814,0.1195
input.sab18nyt_O1.50,t_815,0.265
input.sab18nyt_O1.50,t_816,0.1317
input.sab18nyt_O1.50,t_817,0.3139
input.sab18nyt_O1.50,t_818,0.3765
input.sab18nyt_O1.50,t_819,0.072
input.sab18nyt_O1.50,t_820,0.1835
input.sab18nyt_O1.50,t_821,0.0152
input.sab18nyt_O1.50,t_822,0.1895
input.sab18nyt_O1.50,t_823,0.402
input.sab18nyt_O1.50,t_824,0.6392
input.sab18nyt_O1.50,t_825,0.3495
input.sabopt50v45,t_321,0.1122
input.sabopt50v45,t_336,0.0592
input.sabopt50v45,t_341,0.3486
input.sabopt50v45,t_347,0.369
input.sabopt50v45,t_350,0.2855
input.sabopt50v45,t_362,0.2562
input.sabopt50v45,t_363,0.2923
input.sabopt50v45,t_367,0.2629
input.sabopt50v45,t_375,0.1453
input.sabopt50v45,t_378,0.1411
input.sabopt50v45,t_393,0.2704
input.sabopt50v45,t_397,0.5269
input.sabopt50v45,t_400,0.2171
input.sabopt50v45,t_408,0.2651
input.sabopt50v45,t_414,0.0336
input.sabopt50v45,t_422,0.4198
input.sabopt50v45,t_426,0.3506
input.sabopt50v45,t_427,0.0557
input.sabopt50v45,t_433,0.0426
input.sabopt50v45,t_439,0.0118
input.sabopt50v45,t_442,0.2067
input.sabopt50v45,t_445,0.2627
input.sabopt50v45,t_626,0.5864
input.sabopt50v45,t_646,0.0451
input.sabopt50v45,t_690,0.0114
input.sabopt50v45,t_801,0.2176
input.sabopt50v45,t_802,0.1817
input.sabopt50v45,t_803,0.0517
input.sabopt50v45,t_804,0.5654
input.sabopt50v45,t_805,0.0281
input.sabopt50v45,t_806,0.0902
input.sabopt50v45,t_807,0.5533
input.sabopt50v45,t_808,0.1375
input.sabopt50v45,t_809,0.3255
input.sabopt50v45,t_810,0.1425
input.sabopt50v45,t_811,0.2857
input.sabopt50v45,t_812,0.0873
input.sabopt50v45,t_813,0.0657
input.sabopt50v45,t_814,0.1195
input.sabopt50v45,t_815,0.265
input.sabopt50v45,t_816,0.1317
input.sabopt50v45,t_817,0.3139
input.sabopt50v45,t_818,0.3765
input.sabopt50v45,t_819,0.072
input.sabopt50v45,t_820,0.1835
input.sabopt50v45,t_821,0.0152
input.sabopt50v45,t_822,0.1895
input.sabopt50v45,t_823,0.402
input.sabopt50v45,t_824,0.6392
input.sabopt50v45,t_825,0.3495
input.umass_bsdm,t_321,0.2416
input.umass_bsdm,t_336,0.5561
input.umass_bsdm,t_341,0.2256
input.umass_bsdm,t_347,0.0635
input.umass_bsdm,t_350,0.0154
input.umass_bsdm,t_362,0.1798
input.umass_bsdm,t_363,0.1806
input.umass_bsdm,t_367,0.0772
input.umass_bsdm,t_375,0.4552
input.umass_bsdm,t_378,0.0769
input.umass_bsdm,t_393,0.0444
input.umass_bsdm,t_397,0.0926
input.umass_bsdm,t_400,0.1028
input.umass_bsdm,t_408,0.0425
input.umass_bsdm,t_414,0.1937
input.umass_bsdm,t_422,0.266
input.umass_bsdm,t_426,0.1458
input.umass_bsdm,t_427,0.0416
input.umass_bsdm,t_433,0.0556
input.umass_bsdm,t_439,0.0198
input.umass_bsdm,t_442,0.0436
input.umass_bsdm,t_445,0.2495
input.umass_bsdm,t_626,0.266
input.umass_bsdm,t_646,0.1411
input.umass_bsdm,t_690,0.0181
input.umass_bsdm,t_801,0.0809
input.umass_bsdm,t_802,0.5792
input.umass_bsdm,t_803,0.274
input.umass_bsdm,t_804,0.1818
input.umass_bsdm,t_805,0.1592
input.umass_bsdm,t_806,0.4483
input.umass_bsdm,t_807,0.7981
input.umass_bsdm,t_808,0.1051
input.umass_bsdm,t_809,0.4208
input.umass_bsdm,t_810,0.2384
input.umass_bsdm,t_811,0.6108
input.umass_bsdm,t_812,0.1816
input.umass_bsdm,t_813,0.1018
input.umass_bsdm,t_814,0.7155
input.umass_bsdm,t_815,0.3062
input.umass_bsdm,t_816,0.1322
input.umass_bsdm,t_817,0.3719
input.umass_bsdm,t_818,0.3552
input.umass_bsdm,t_819,0.0546
input.umass_bsdm,t_820,0.1332
input.umass_bsdm,t_821,0.1493
input.umass_bsdm,t_822,0.1835
input.umass_bsdm,t_823,0.2851
input.umass_bsdm,t_824,0.4036
input.umass_bsdm,t_825,0.469
input.umass_cbsdm,t_321,0.2464
input.umass_cbsdm,t_336,0.5978
input.umass_cbsdm,t_341,0.2738
input.umass_cbsdm,t_347,0.0636
input.umass_cbsdm,t_350,0.0103
input.umass_cbsdm,t_362,0.1797
input.umass_cbsdm,t_363,0.1969
input.umass_cbsdm,t_367,0.0772
input.umass_cbsdm,t_375,0.4506
input.umass_cbsdm,t_378,0.0705
input.umass_cbsdm,t_393,0.0326
input.umass_cbsdm,t_397,0.0828
input.umass_cbsdm,t_400,0.1058
input.umass_cbsdm,t_408,0.0443
input.umass_cbsdm,t_414,0.1749
input.umass_cbsdm,t_422,0.2257
input.umass_cbsdm,t_426,0.1391
input.umass_cbsdm,t_427,0.0486
input.umass_cbsdm,t_433,0.0517
input.umass_cbsdm,t_439,0.0194
input.umass_cbsdm,t_442,0.0431
input.umass_cbsdm,t_445,0.222
input.umass_cbsdm,t_626,0.2572
input.umass_cbsdm,t_646,0.1651
input.umass_cbsdm,t_690,0.0122
input.umass_cbsdm,t_801,0.0784
input.umass_cbsdm,t_802,0.5948
input.umass_cbsdm,t_803,0.2396
input.umass_cbsdm,t_804,0.107
input.umass_cbsdm,t_805,0.1592
input.umass_cbsdm,t_806,0.4624
input.umass_cbsdm,t_807,0.8411
input.umass_cbsdm,t_808,0.1132
input.umass_cbsdm,t_809,0.3898
input.umass_cbsdm,t_810,0.3543
input.umass_cbsdm,t_811,0.6143
input.umass_cbsdm,t_812,0.1908
input.umass_cbsdm,t_813,0.0982
input.umass_cbsdm,t_814,0.4813
input.umass_cbsdm,t_815,0.2793
input.umass_cbsdm,t_816,0.135
input.umass_cbsdm,t_817,0.3631
input.umass_cbsdm,t_818,0.3636
input.umass_cbsdm,t_819,0.116
input.umass_cbsdm,t_820,0.1326
input.umass_cbsdm,t_821,0.1506
input.umass_cbsdm,t_822,0.1932
input.umass_cbsdm,t_823,0.3007
input.umass_cbsdm,t_824,0.3501
input.umass_cbsdm,t_825,0.4876
input.umass_ql,t_321,0.2625
input.umass_ql,t_336,0.5697
input.umass_ql,t_341,0.3048
input.umass_ql,t_347,0.0579
input.umass_ql,t_350,0.0034
input.umass_ql,t_362,0.1807
input.umass_ql,t_363,0.1908
input.umass_ql,t_367,0.0776
input.umass_ql,t_375,0.3776
input.umass_ql,t_378,0.0727
input.umass_ql,t_393,0.0232
input.umass_ql,t_397,0.1163
input.umass_ql,t_400,0.1438
input.umass_ql,t_408,0.069
input.umass_ql,t_414,0.167
input.umass_ql,t_422,0.0718
input.umass_ql,t_426,0.1013
input.umass_ql,t_427,0.088
input.umass_ql,t_433,0.3907
input.umass_ql,t_439,0.0163
input.umass_ql,t_442,0.0325
input.umass_ql,t_445,0.2347
input.umass_ql,t_626,0.2048
input.umass_ql,t_646,0.1304
input.umass_ql,t_690,0.0134
input.umass_ql,t_801,0.07
input.umass_ql,t_802,0.6266
input.umass_ql,t_803,0.2379
input.umass_ql,t_804,0.1052
input.umass_ql,t_805,0.1653
input.umass_ql,t_806,0.3124
input.umass_ql,t_807,0.755
input.umass_ql,t_808,0.1545
input.umass_ql,t_809,0.3901
input.umass_ql,t_810,0.3515
input.umass_ql,t_811,0.6237
input.umass_ql,t_812,0.1928
input.umass_ql,t_813,0.0887
input.umass_ql,t_814,0.4559
input.umass_ql,t_815,0.2824
input.umass_ql,t_816,0.1394
input.umass_ql,t_817,0.3664
input.umass_ql,t_818,0.4179
input.umass_ql,t_819,0.1101
input.umass_ql,t_820,0.1699
input.umass_ql,t_821,0.1446
input.umass_ql,t_822,0.208
input.umass_ql,t_823,0.3153
input.umass_ql,t_824,0.4291
input.umass_ql,t_825,0.5442
input.umass_sdm,t_321,0.2839
input.umass_sdm,t_336,0.617
input.umass_sdm,t_341,0.2376
input.umass_sdm,t_347,0.0586
input.umass_sdm,t_350,0.0081
input.umass_sdm,t_362,0.1637
input.umass_sdm,t_363,0.1746
input.umass_sdm,t_367,0.0776
input.umass_sdm,t_375,0.2748
input.umass_sdm,t_378,0.0685
input.umass_sdm,t_393,0.0465
input.umass_sdm,t_397,0.1052
input.umass_sdm,t_400,0.1174
input.umass_sdm,t_408,0.0559
input.umass_sdm,t_414,0.301
input.umass_sdm,t_422,0.1581
input.umass_sdm,t_426,0.15
input.umass_sdm,t_427,0.0453
input.umass_sdm,t_433,0.3288
input.umass_sdm,t_439,0.0184
input.umass_sdm,t_442,0.0428
input.umass_sdm,t_445,0.2836
input.umass_sdm,t_626,0.2081
input.umass_sdm,t_646,0.1208
input.umass_sdm,t_690,0.0156
input.umass_sdm,t_801,0.0786
input.umass_sdm,t_802,0.4654
input.umass_sdm,t_803,0.2729
input.umass_sdm,t_804,0.1888
input.umass_sdm,t_805,0.2132
input.umass_sdm,t_806,0.3456
input.umass_sdm,t_807,0.642
input.umass_sdm,t_808,0.143
input.umass_sdm,t_809,0.3071
input.umass_sdm,t_810,0.456
input.umass_sdm,t_811,0.6247
input.umass_sdm,t_812,0.1882
input.umass_sdm,t_813,0.1682
input.umass_sdm,t_814,0.6922
input.umass_sdm,t_815,0.3287
input.umass_sdm,t_816,0.1393
input.umass_sdm,t_817,0.4124
input.umass_sdm,t_818,0.3639
input.umass_sdm,t_819,0.0383
input.umass_sdm,t_820,0.168
input.umass_sdm,t_821,0.1586
input.umass_sdm,t_822,0.1577
input.umass_sdm,t_823,0.2769
input.umass_sdm,t_824,0.3971
input.umass_sdm,t_825,0.5084
input.UWaterMDS_DS_A,t_321,0.1076
input.UWaterMDS_DS_A,t_336,0.3889
input.UWaterMDS_DS_A,t_341,0.0559
input.UWaterMDS_DS_A,t_347,0.297
input.UWaterMDS_DS_A,t_350,0.4442
input.UWaterMDS_DS_A,t_362,0.364
input.UWaterMDS_DS_A,t_363,0.3636
input.UWaterMDS_DS_A,t_367,0.5163
input.UWaterMDS_DS_A,t_375,0.5707
input.UWaterMDS_DS_A,t_378,0.2021
input.UWaterMDS_DS_A,t_393,0.3688
input.UWaterMDS_DS_A,t_397,0.4404
input.UWaterMDS_DS_A,t_400,0.3459
input.UWaterMDS_DS_A,t_408,0.2666
input.UWaterMDS_DS_A,t_414,0.0421
input.UWaterMDS_DS_A,t_422,0.6711
input.UWaterMDS_DS_A,t_426,0.4082
input.UWaterMDS_DS_A,t_427,0.0567
input.UWaterMDS_DS_A,t_433,0.4093
input.UWaterMDS_DS_A,t_439,0.166
input.UWaterMDS_DS_A,t_442,0.0713
input.UWaterMDS_DS_A,t_445,0.3578
input.UWaterMDS_DS_A,t_626,0.8574
input.UWaterMDS_DS_A,t_646,0.0156
input.UWaterMDS_DS_A,t_690,0.3392
input.UWaterMDS_DS_A,t_801,0.0167
input.UWaterMDS_DS_A,t_802,0.2175
input.UWaterMDS_DS_A,t_803,0.1275
input.UWaterMDS_DS_A,t_804,0.7524
input.UWaterMDS_DS_A,t_805,0.3537
input.UWaterMDS_DS_A,t_806,0.6839
input.UWaterMDS_DS_A,t_807,0.7622
input.UWaterMDS_DS_A,t_808,0.4228
input.UWaterMDS_DS_A,t_809,0.0903
input.UWaterMDS_DS_A,t_810,0.65
input.UWaterMDS_DS_A,t_811,0.6084
input.UWaterMDS_DS_A,t_812,0.1704
input.UWaterMDS_DS_A,t_813,0.5323
input.UWaterMDS_DS_A,t_814,0.7888
input.UWaterMDS_DS_A,t_815,0.3822
input.UWaterMDS_DS_A,t_816,0.4926
input.UWaterMDS_DS_A,t_817,0.439
input.UWaterMDS_DS_A,t_818,0.6655
input.UWaterMDS_DS_A,t_819,0.0035
input.UWaterMDS_DS_A,t_820,0.3019
input.UWaterMDS_DS_A,t_821,0.2354
input.UWaterMDS_DS_A,t_822,0.4326
input.UWaterMDS_DS_A,t_823,0.1776
input.UWaterMDS_DS_A,t_824,0.751
input.UWaterMDS_DS_A,t_825,0.5101
input.UWaterMDS_DS_B,t_321,0.048
input.UWaterMDS_DS_B,t_336,0.1046
input.UWaterMDS_DS_B,t_341,0.0368
input.UWaterMDS_DS_B,t_347,0.1375
input.UWaterMDS_DS_B,t_350,0.2271
input.UWaterMDS_DS_B,t_362,0.1379
input.UWaterMDS_DS_B,t_363,0.2258
input.UWaterMDS_DS_B,t_367,0.2235
input.UWaterMDS_DS_B,t_375,0.1422
input.UWaterMDS_DS_B,t_378,0.1067
input.UWaterMDS_DS_B,t_393,0.2373
input.UWaterMDS_DS_B,t_397,0.2925
input.UWaterMDS_DS_B,t_400,0.1834
input.UWaterMDS_DS_B,t_408,0.2225
input.UWaterMDS_DS_B,t_414,0.0066
input.UWaterMDS_DS_B,t_422,0.3468
input.UWaterMDS_DS_B,t_426,0.1678
input.UWaterMDS_DS_B,t_427,0.0768
input.UWaterMDS_DS_B,t_433,0.7105
input.UWaterMDS_DS_B,t_439,0.1511
input.UWaterMDS_DS_B,t_442,0.0496
input.UWaterMDS_DS_B,t_445,0.1468
input.UWaterMDS_DS_B,t_626,0.6724
input.UWaterMDS_DS_B,t_646,0.0279
input.UWaterMDS_DS_B,t_690,0.1751
input.UWaterMDS_DS_B,t_801,0.0119
input.UWaterMDS_DS_B,t_802,0.3134
input.UWaterMDS_DS_B,t_803,0.0799
input.UWaterMDS_DS_B,t_804,0.3165
input.UWaterMDS_DS_B,t_805,0.3018
input.UWaterMDS_DS_B,t_806,0.2618
input.UWaterMDS_DS_B,t_807,0.681
input.UWaterMDS_DS_B,t_808,0.2547
input.UWaterMDS_DS_B,t_809,0.1007
input.UWaterMDS_DS_B,t_810,0.2949
input.UWaterMDS_DS_B,t_811,0.3545
input.UWaterMDS_DS_B,t_812,0.142
input.UWaterMDS_DS_B,t_813,0.3562
input.UWaterMDS_DS_B,t_814,0.4649
input.UWaterMDS_DS_B,t_815,0.1609
input.UWaterMDS_DS_B,t_816,0.245
input.UWaterMDS_DS_B,t_817,0.2771
input.UWaterMDS_DS_B,t_818,0.5146
input.UWaterMDS_DS_B,t_819,0.0025
input.UWaterMDS_DS_B,t_820,0.1695
input.UWaterMDS_DS_B,t_821,0.1812
input.UWaterMDS_DS_B,t_822,0.453
input.UWaterMDS_DS_B,t_823,0.108
input.UWaterMDS_DS_B,t_824,0.4388
input.UWaterMDS_DS_B,t_825,0.5056
input.uwmrg,t_321,0.141
input.uwmrg,t_336,0.1494
input.uwmrg,t_341,0.3479
input.uwmrg,t_347,0.029
input.uwmrg,t_350,0.1172
input.uwmrg,t_362,0.2256
input.uwmrg,t_363,0.1453
input.uwmrg,t_367,0.3685
input.uwmrg,t_375,0.3333
input.uwmrg,t_378,0.078
input.uwmrg,t_393,0.2148
input.uwmrg,t_397,0.5528
input.uwmrg,t_400,0.2377
input.uwmrg,t_408,0.0626
input.uwmrg,t_414,0.0079
input.uwmrg,t_422,0.2793
input.uwmrg,t_426,0.2444
input.uwmrg,t_427,0.0657
input.uwmrg,t_433,0.0152
input.uwmrg,t_439,0.0593
input.uwmrg,t_442,0.0257
input.uwmrg,t_445,0.1648
input.uwmrg,t_626,0.5139
input.uwmrg,t_646,0.0972
input.uwmrg,t_690,0.2154
input.uwmrg,t_801,0.224
input.uwmrg,t_802,0.317
input.uwmrg,t_803,0.1715
input.uwmrg,t_804,0.7653
input.uwmrg,t_805,0.3243
input.uwmrg,t_806,0.7297
input.uwmrg,t_807,0.6487
input.uwmrg,t_808,0.2445
input.uwmrg,t_809,0.6467
input.uwmrg,t_810,0.1966
input.uwmrg,t_811,0.4532
input.uwmrg,t_812,0.1688
input.uwmrg,t_813,0.1379
input.uwmrg,t_814,0.6657
input.uwmrg,t_815,0.2502
input.uwmrg,t_816,0.1045
input.uwmrg,t_817,0.3298
input.uwmrg,t_818,0.3152
input.uwmrg,t_819,0.0626
input.uwmrg,t_820,0.156
input.uwmrg,t_821,0.1882
input.uwmrg,t_822,0.4368
input.uwmrg,t_823,0.4476
input.uwmrg,t_824,0.699
input.uwmrg,t_825,0.4265
input.uwmrgx,t_321,0.0848
input.uwmrgx,t_336,0.1443
input.uwmrgx,t_341,0.3314
input.uwmrgx,t_347,0.0155
input.uwmrgx,t_350,0.0252
input.uwmrgx,t_362,0.1557
input.uwmrgx,t_363,0.0304
input.uwmrgx,t_367,0.3733
input.uwmrgx,t_375,0.3896
input.uwmrgx,t_378,0.0856
input.uwmrgx,t_393,0.0364
input.uwmrgx,t_397,0.3113
input.uwmrgx,t_400,0.2406
input.uwmrgx,t_408,0.0775
input.uwmrgx,t_414,0.0036
input.uwmrgx,t_422,0.0752
input.uwmrgx,t_426,0.177
input.uwmrgx,t_427,0.023
input.uwmrgx,t_433,0.0081
input.uwmrgx,t_439,0.0204
input.uwmrgx,t_442,0.0406
input.uwmrgx,t_445,0.1143
input.uwmrgx,t_626,0.4703
input.uwmrgx,t_646,0.0961
input.uwmrgx,t_690,0.2373
input.uwmrgx,t_801,0.2212
input.uwmrgx,t_802,0.3854
input.uwmrgx,t_803,0.1505
input.uwmrgx,t_804,0.7645
input.uwmrgx,t_805,0.1518
input.uwmrgx,t_806,0.7086
input.uwmrgx,t_807,0.386
input.uwmrgx,t_808,0.2693
input.uwmrgx,t_809,0.6002
input.uwmrgx,t_810,0.1075
input.uwmrgx,t_811,0.4131
input.uwmrgx,t_812,0.1593
input.uwmrgx,t_813,0.1267
input.uwmrgx,t_814,0.406
input.uwmrgx,t_815,0.2361
input.uwmrgx,t_816,0.1101
input.uwmrgx,t_817,0.3295
input.uwmrgx,t_818,0.3607
input.uwmrgx,t_819,0.1095
input.uwmrgx,t_820,0.2933
input.uwmrgx,t_821,0.2009
input.uwmrgx,t_822,0.3291
input.uwmrgx,t_823,0.4231
input.uwmrgx,t_824,0.592
input.uwmrgx,t_825,0.4055
